[["Map",1,2,9,10,59,60,79,80],"meta::meta",["Map",3,4,5,6,7,8],"astro-version","5.14.7","content-config-digest","bc746cee0a20ed01","astro-config-digest","{\"root\":{},\"srcDir\":{},\"publicDir\":{},\"outDir\":{},\"cacheDir\":{},\"site\":\"https://seorepairlab.com/\",\"compressHTML\":true,\"base\":\"/\",\"trailingSlash\":\"ignore\",\"output\":\"static\",\"scopedStyleStrategy\":\"attribute\",\"build\":{\"format\":\"directory\",\"client\":{},\"server\":{},\"assets\":\"_astro\",\"serverEntry\":\"entry.mjs\",\"redirects\":true,\"inlineStylesheets\":\"auto\",\"concurrency\":1},\"server\":{\"open\":false,\"host\":false,\"port\":4321,\"streaming\":true,\"allowedHosts\":[]},\"redirects\":{},\"prefetch\":true,\"image\":{\"endpoint\":{\"route\":\"/_image\"},\"service\":{\"entrypoint\":\"astro/assets/services/sharp\",\"config\":{}},\"domains\":[\"webmention.io\"],\"remotePatterns\":[],\"responsiveStyles\":false},\"devToolbar\":{\"enabled\":true},\"markdown\":{\"syntaxHighlight\":false,\"shikiConfig\":{\"langs\":[],\"langAlias\":{},\"theme\":\"github-dark\",\"themes\":{},\"wrap\":false,\"transformers\":[]},\"remarkPlugins\":[null,null,null,null],\"rehypePlugins\":[null,[null,{\"behavior\":\"wrap\",\"properties\":{\"className\":[\"not-prose\"]}}],[null,{\"rel\":[\"noreferrer\",\"noopener\"],\"target\":\"_blank\"}],null,[null,{\"styleOverrides\":{\"borderRadius\":\"4px\",\"codeFontFamily\":\"ui-monospace, SFMono-Regular, Menlo, Monaco, Consolas, \\\"Liberation Mono\\\", \\\"Courier New\\\", monospace\",\"codeFontSize\":\"1rem\",\"codeLineHeight\":\"1.6\",\"codePaddingInline\":\"1.25rem\",\"frames\":{\"frameBoxShadowCssValue\":\"0 4px 6px -1px rgba(0, 0, 0, 0.1)\"},\"uiLineHeight\":\"inherit\"},\"themes\":[\"dracula\",\"github-light\"],\"useThemedScrollbars\":false}]],\"remarkRehype\":{\"footnoteLabelProperties\":{\"className\":[\"\"]}},\"gfm\":true,\"smartypants\":true},\"security\":{\"checkOrigin\":true,\"allowedDomains\":[]},\"env\":{\"schema\":{\"WEBMENTION_API_KEY\":{\"context\":\"server\",\"access\":\"secret\",\"optional\":true,\"type\":\"string\"},\"WEBMENTION_URL\":{\"context\":\"client\",\"access\":\"public\",\"optional\":true,\"type\":\"string\"},\"WEBMENTION_PINGBACK\":{\"context\":\"client\",\"access\":\"public\",\"optional\":true,\"type\":\"string\"}},\"validateSecrets\":false},\"experimental\":{\"clientPrerender\":false,\"contentIntellisense\":false,\"headingIdCompat\":false,\"preserveScriptOrder\":false,\"liveContentCollections\":false,\"csp\":false,\"staticImportMetaEnv\":false,\"chromeDevtoolsWorkspace\":false,\"failOnPrerenderConflict\":false},\"legacy\":{\"collections\":false}}","tag",["Map",11,12,27,28,43,44],"image",{"id":11,"data":13,"body":15,"filePath":16,"digest":17,"rendered":18},{"description":14},"Learn about image handling in Astro Cactus","This is an example of a custom intro on a tag page. Its markdown can be found in `src/content/tag/image.md`.\r\n\r\nPosts tagged with \"image\" demonstrate various image-related features including cover images, social media cards, and image optimization.","src/content/tag/image.md","26240ad0ed9e0fa8",{"html":19,"metadata":20},"\u003Cp>This is an example of a custom intro on a tag page. Its markdown can be found in \u003Ccode>src/content/tag/image.md\u003C/code>.\u003C/p>\n\u003Cp>Posts tagged with “image” demonstrate various image-related features including cover images, social media cards, and image optimization.\u003C/p>",{"headings":21,"localImagePaths":22,"remoteImagePaths":23,"frontmatter":24,"imagePaths":26},[],[],[],{"description":14,"readingTime":25},"1 min read",[],"test",{"id":27,"data":29,"body":32,"filePath":33,"digest":34,"rendered":35},{"title":30,"description":31},"Test Tag","This tag is used for testing various features of the theme.","This is an example of a custom intro on a tag page. Its markdown can be found in `src/content/tag/test.md`.\r\n\r\nThis collection includes posts that demonstrate and test different features of the Astro Theme Cactus, including:\r\n\r\n- Markdown rendering capabilities\r\n- Image handling and optimization\r\n- Table of contents generation\r\n- Various edge cases and scenarios\r\n\r\nFeel free to explore these posts to understand how the theme handles different content types and configurations.","src/content/tag/test.md","e3568eeb6cfc2f2c",{"html":36,"metadata":37},"\u003Cp>This is an example of a custom intro on a tag page. Its markdown can be found in \u003Ccode>src/content/tag/test.md\u003C/code>.\u003C/p>\n\u003Cp>This collection includes posts that demonstrate and test different features of the Astro Theme Cactus, including:\u003C/p>\n\u003Cul>\n\u003Cli>Markdown rendering capabilities\u003C/li>\n\u003Cli>Image handling and optimization\u003C/li>\n\u003Cli>Table of contents generation\u003C/li>\n\u003Cli>Various edge cases and scenarios\u003C/li>\n\u003C/ul>\n\u003Cp>Feel free to explore these posts to understand how the theme handles different content types and configurations.\u003C/p>",{"headings":38,"localImagePaths":39,"remoteImagePaths":40,"frontmatter":41,"imagePaths":42},[],[],[],{"title":30,"description":31,"readingTime":25},[],"markdown",{"id":43,"data":45,"body":48,"filePath":49,"digest":50,"rendered":51},{"title":46,"description":47},"Markdown Features","Posts showcasing markdown and MDX capabilities","This is an example of a custom intro on a tag page. Its markdown can be found in `src/content/tag/markdown.md`.\r\n\r\nThis tag includes posts that demonstrate the markdown processing capabilities of this theme.","src/content/tag/markdown.md","5e74645d9dd7429d",{"html":52,"metadata":53},"\u003Cp>This is an example of a custom intro on a tag page. Its markdown can be found in \u003Ccode>src/content/tag/markdown.md\u003C/code>.\u003C/p>\n\u003Cp>This tag includes posts that demonstrate the markdown processing capabilities of this theme.\u003C/p>",{"headings":54,"localImagePaths":55,"remoteImagePaths":56,"frontmatter":57,"imagePaths":58},[],[],[],{"title":46,"description":47,"readingTime":25},[],"note",["Map",61,62],"welcome",{"id":61,"data":63,"body":67,"filePath":68,"digest":69,"rendered":70},{"title":64,"description":65,"publishDate":66},"Hello, Welcome","An introduction to using the note feature in Astro Cactus",["Date","2024-10-14T11:23:00.000Z"],"Hi, Hello. This is an example note feature included with Astro Cactus.\r\n\r\nThey're for shorter, concise \"post's\" that you'd like to share, they generally don't include headings, but hey, that's entirely up to you.","src/content/note/welcome.md","8f8aaca4ce764d0b",{"html":71,"metadata":72},"\u003Cp>Hi, Hello. This is an example note feature included with Astro Cactus.\u003C/p>\n\u003Cp>They’re for shorter, concise “post’s” that you’d like to share, they generally don’t include headings, but hey, that’s entirely up to you.\u003C/p>",{"headings":73,"localImagePaths":74,"remoteImagePaths":75,"frontmatter":76,"imagePaths":78},[],[],[],{"title":64,"description":65,"publishDate":77,"readingTime":25},"2024-10-14T11:23:00Z",[],"post",["Map",81,82,102,103,131,132,155,156,174,175,202,203,269,270,321,322,349,350,430,431],"testing/draft-post",{"id":81,"data":83,"body":89,"filePath":90,"digest":91,"rendered":92},{"title":84,"description":85,"draft":86,"tags":87,"publishDate":88},"A working draft title","This post is for testing the draft post functionality",true,[27],["Date","2024-03-10T03:00:00.000Z"],"If this is working correctly, this post should only be accessible in a dev environment, as well as any tags that are unique to this post.","src/content/post/testing/draft-post.md","7a680441c0cd51dc",{"html":93,"metadata":94},"\u003Cp>If this is working correctly, this post should only be accessible in a dev environment, as well as any tags that are unique to this post.\u003C/p>",{"headings":95,"localImagePaths":96,"remoteImagePaths":97,"frontmatter":98,"imagePaths":101},[],[],[],{"title":84,"description":85,"publishDate":99,"tags":100,"draft":86,"readingTime":25},"10 March 2024",[27],[],"cover-image",{"id":102,"data":104,"filePath":114,"assetImports":115,"digest":117,"rendered":118},{"title":105,"description":106,"coverImage":107,"draft":110,"tags":111,"publishDate":112,"updatedDate":113},"Example Cover Image","This post is an example of how to add a cover/hero image",{"alt":108,"src":109},"Astro build wallpaper","__ASTRO_IMAGE_./cover.png",false,[27,11],["Date","2023-07-04T03:00:00.000Z"],["Date","2023-08-14T03:00:00.000Z"],"src/content/post/cover-image/index.md",[116],"./cover.png","df7e556e77914410",{"html":119,"metadata":120},"",{"headings":121,"localImagePaths":122,"remoteImagePaths":123,"frontmatter":124,"imagePaths":130},[],[],[],{"title":105,"description":106,"publishDate":125,"updatedDate":126,"coverImage":127,"tags":128,"readingTime":129},"04 July 2023","14 August 2023",{"src":116,"alt":108},[27,11],"0 min read",[],"testing/long-title",{"id":131,"data":133,"body":138,"filePath":139,"digest":140,"rendered":141},{"title":134,"description":135,"draft":110,"tags":136,"publishDate":137},"Lorem ipsum dolor sit, amet consectetur adipisicing elit. Id","This post is purely for testing if the css is correct for the title on the page",[27],["Date","2023-02-01T03:00:00.000Z"],"## Testing the title tag","src/content/post/testing/long-title.md","2b355dc7624f35d1",{"html":142,"metadata":143},"\u003Ch2 id=\"testing-the-title-tag\">\u003Ca class=\"not-prose\" href=\"#testing-the-title-tag\">Testing the title tag\u003C/a>\u003C/h2>",{"headings":144,"localImagePaths":149,"remoteImagePaths":150,"frontmatter":151,"imagePaths":154},[145],{"depth":146,"slug":147,"text":148},2,"testing-the-title-tag","Testing the title tag",[],[],{"title":134,"description":135,"publishDate":152,"tags":153,"readingTime":25},"01 Feb 2023",[27],[],"testing/missing-content",{"id":155,"data":157,"filePath":163,"digest":164,"rendered":165},{"title":158,"description":159,"draft":110,"tags":160,"publishDate":162},"This post doesn't have any content","This post is purely for testing the table of content, which should not be rendered",[27,161],"toc",["Date","2023-02-22T03:00:00.000Z"],"src/content/post/testing/missing-content.md","4a6626d12ab43b6f",{"html":119,"metadata":166},{"headings":167,"localImagePaths":168,"remoteImagePaths":169,"frontmatter":170,"imagePaths":173},[],[],[],{"title":158,"description":159,"publishDate":171,"tags":172,"readingTime":129},"22 Feb 2023",[27,161],[],"testing/unique-tags",{"id":174,"data":176,"body":182,"filePath":183,"digest":184,"rendered":185},{"title":177,"description":178,"draft":110,"tags":179,"publishDate":181},"Unique tags validation","This post is used for validating if duplicate tags are removed, regardless of the string case",[180,27],"blog",["Date","2023-01-30T03:00:00.000Z"],"## This post is to test zod transform\r\n\r\nIf you open the file `src/content/post/unique-tags.md`, the tags array has a number of duplicate blog strings of various cases.\r\n\r\nThese are removed as part of the removeDupsAndLowercase function found in `src/content/config.ts`.","src/content/post/testing/unique-tags.md","7da9e245f9068c2a",{"html":186,"metadata":187},"\u003Ch2 id=\"this-post-is-to-test-zod-transform\">\u003Ca class=\"not-prose\" href=\"#this-post-is-to-test-zod-transform\">This post is to test zod transform\u003C/a>\u003C/h2>\n\u003Cp>If you open the file \u003Ccode>src/content/post/unique-tags.md\u003C/code>, the tags array has a number of duplicate blog strings of various cases.\u003C/p>\n\u003Cp>These are removed as part of the removeDupsAndLowercase function found in \u003Ccode>src/content/config.ts\u003C/code>.\u003C/p>",{"headings":188,"localImagePaths":192,"remoteImagePaths":193,"frontmatter":194,"imagePaths":201},[189],{"depth":146,"slug":190,"text":191},"this-post-is-to-test-zod-transform","This post is to test zod transform",[],[],{"title":177,"publishDate":195,"description":178,"tags":196,"readingTime":25},"30 January 2023",[180,180,197,27,198,199,200],"Blog","bloG","Test","BLOG",[],"index-bloat-problems",{"id":202,"data":204,"body":212,"filePath":213,"digest":214,"rendered":215},{"title":205,"description":206,"draft":110,"tags":207,"publishDate":211},"5 Signs Your Website Has Index Bloat Issues","Learn to identify Index Bloat problems that waste crawl budget and hurt your search performance. Common signs every website owner should watch for.",[208,209,210],"index-bloat","technical-seo","crawl-budget",["Date","2025-01-20T00:00:00.000Z"],"# 5 Signs Your Website Has Index Bloat Issues\r\n\r\nIndex Bloat is one of the most overlooked technical SEO problems that can severely impact your website's search performance. After working with over 200 clients, I've identified the key warning signs that indicate your site might be wasting precious crawl budget.\r\n\r\n## What is Index Bloat?\r\n\r\nIndex Bloat occurs when Google indexes low-quality, duplicate, or unnecessary pages from your website. This wastes your crawl budget and can negatively impact how Google evaluates your site's overall quality.\r\n\r\n## 5 Critical Warning Signs\r\n\r\n### 1. **Indexed Pages Exceed Your Actual Content**\r\n\r\nUse this Google search to check:\r\n```\r\nsite:yourwebsite.com\r\n```\r\n\r\nIf the number significantly exceeds your actual pages, you likely have Index Bloat.\r\n\r\n**What I typically find:**\r\n- Parameter URLs (`?utm_source=`, `?page=2`)\r\n- Auto-generated tag pages with no content\r\n- Multiple URLs for the same content\r\n\r\n### 2. **Google Search Console Shows Crawl Budget Issues**\r\n\r\nIn GSC, check your **Coverage** report for:\r\n- High numbers of \"Valid\" pages that shouldn't be indexed\r\n- Many \"Crawled - currently not indexed\" pages\r\n- Unusual spikes in crawled pages\r\n\r\n### 3. **Declining Organic Traffic Despite New Content**\r\n\r\nThis is often the first sign clients notice:\r\n- Publishing new content but no traffic increase\r\n- Good content not ranking as expected\r\n- Overall organic decline over time\r\n\r\n### 4. **Parameter URLs Appearing in Search Results**\r\n\r\nSearch for your brand and see if you find URLs like:\r\n- `yoursite.com/page?sort=price`\r\n- `yoursite.com/product?color=red&size=large`\r\n- `yoursite.com/?utm_source=newsletter`\r\n\r\nThese should never appear in search results.\r\n\r\n### 5. **Thin Content Pages Getting Indexed**\r\n\r\nCommon culprits include:\r\n- Empty category pages\r\n- Pagination pages with minimal content\r\n- Filter result pages\r\n- Admin or development pages\r\n\r\n## Real Client Example\r\n\r\n**E-commerce client case:**\r\n- **Before:** 15,000 pages indexed (only 2,000 were actual products)\r\n- **Problem:** Parameter URLs and filter combinations\r\n- **After:** 3,000 quality pages indexed\r\n- **Result:** +275% organic traffic in 4 months\r\n\r\n## Quick Diagnosis Steps\r\n\r\n1. **Site: search** your domain\r\n2. **Check GSC Coverage** report\r\n3. **Analyze top landing pages** for quality\r\n4. **Review robots.txt** and meta robots tags\r\n5. **Audit internal linking** patterns\r\n\r\n## What to Do If You Have Index Bloat\r\n\r\n### Immediate Actions:\r\n- Add `noindex` to low-value pages\r\n- Update robots.txt to block parameter URLs\r\n- Implement canonical tags for similar content\r\n- Clean up your XML sitemap\r\n\r\n### Long-term Strategy:\r\n- Regular crawl audits\r\n- Parameter handling in GSC\r\n- Strategic internal linking\r\n- Content quality guidelines\r\n\r\n## Need Expert Help?\r\n\r\nIndex Bloat issues can be complex, especially for large websites with thousands of pages. If you're seeing these warning signs, a professional technical SEO audit can identify the specific problems and create a fix strategy.\r\n\r\nI've successfully resolved Index Bloat for clients across various industries - from e-commerce stores to large corporate websites.\r\n\r\n[Contact me for a technical SEO consultation →](/contact/)\r\n\r\n---\r\n\r\n**About the Author:** Jessica Schmukler is a Technical SEO Consultant specializing in complex indexation issues, with 10+ years of experience serving clients across the US and Canada.","src/content/post/index-bloat-problems.md","765f114591994957",{"html":216,"metadata":217},"\u003Ch1 id=\"5-signs-your-website-has-index-bloat-issues\">\u003Ca class=\"not-prose\" href=\"#5-signs-your-website-has-index-bloat-issues\">5 Signs Your Website Has Index Bloat Issues\u003C/a>\u003C/h1>\n\u003Cp>Index Bloat is one of the most overlooked technical SEO problems that can severely impact your website’s search performance. After working with over 200 clients, I’ve identified the key warning signs that indicate your site might be wasting precious crawl budget.\u003C/p>\n\u003Ch2 id=\"what-is-index-bloat\">\u003Ca class=\"not-prose\" href=\"#what-is-index-bloat\">What is Index Bloat?\u003C/a>\u003C/h2>\n\u003Cp>Index Bloat occurs when Google indexes low-quality, duplicate, or unnecessary pages from your website. This wastes your crawl budget and can negatively impact how Google evaluates your site’s overall quality.\u003C/p>\n\u003Ch2 id=\"5-critical-warning-signs\">\u003Ca class=\"not-prose\" href=\"#5-critical-warning-signs\">5 Critical Warning Signs\u003C/a>\u003C/h2>\n\u003Ch3 id=\"1-indexed-pages-exceed-your-actual-content\">\u003Ca class=\"not-prose\" href=\"#1-indexed-pages-exceed-your-actual-content\">1. \u003Cstrong>Indexed Pages Exceed Your Actual Content\u003C/strong>\u003C/a>\u003C/h3>\n\u003Cp>Use this Google search to check:\u003C/p>\n\u003Cdiv class=\"expressive-code\">\u003Clink rel=\"stylesheet\" href=\"/_astro/ec.0az4c.css\">\u003Cscript type=\"module\" src=\"/_astro/ec.8zarh.js\">\u003C/script>\u003Cfigure class=\"frame\">\u003Cfigcaption class=\"header\">\u003C/figcaption>\u003Cpre data-language=\"plaintext\">\u003Ccode>\u003Cdiv class=\"ec-line\">\u003Cdiv class=\"code\">\u003Cspan style=\"--0:#f8f8f2;--1:#24292e\">site:yourwebsite.com\u003C/span>\u003C/div>\u003C/div>\u003C/code>\u003C/pre>\u003Cdiv class=\"copy\">\u003Cbutton title=\"Copy to clipboard\" data-copied=\"Copied!\" data-code=\"site:yourwebsite.com\">\u003Cdiv>\u003C/div>\u003C/button>\u003C/div>\u003C/figure>\u003C/div>\n\u003Cp>If the number significantly exceeds your actual pages, you likely have Index Bloat.\u003C/p>\n\u003Cp>\u003Cstrong>What I typically find:\u003C/strong>\u003C/p>\n\u003Cul>\n\u003Cli>Parameter URLs (\u003Ccode>?utm_source=\u003C/code>, \u003Ccode>?page=2\u003C/code>)\u003C/li>\n\u003Cli>Auto-generated tag pages with no content\u003C/li>\n\u003Cli>Multiple URLs for the same content\u003C/li>\n\u003C/ul>\n\u003Ch3 id=\"2-google-search-console-shows-crawl-budget-issues\">\u003Ca class=\"not-prose\" href=\"#2-google-search-console-shows-crawl-budget-issues\">2. \u003Cstrong>Google Search Console Shows Crawl Budget Issues\u003C/strong>\u003C/a>\u003C/h3>\n\u003Cp>In GSC, check your \u003Cstrong>Coverage\u003C/strong> report for:\u003C/p>\n\u003Cul>\n\u003Cli>High numbers of “Valid” pages that shouldn’t be indexed\u003C/li>\n\u003Cli>Many “Crawled - currently not indexed” pages\u003C/li>\n\u003Cli>Unusual spikes in crawled pages\u003C/li>\n\u003C/ul>\n\u003Ch3 id=\"3-declining-organic-traffic-despite-new-content\">\u003Ca class=\"not-prose\" href=\"#3-declining-organic-traffic-despite-new-content\">3. \u003Cstrong>Declining Organic Traffic Despite New Content\u003C/strong>\u003C/a>\u003C/h3>\n\u003Cp>This is often the first sign clients notice:\u003C/p>\n\u003Cul>\n\u003Cli>Publishing new content but no traffic increase\u003C/li>\n\u003Cli>Good content not ranking as expected\u003C/li>\n\u003Cli>Overall organic decline over time\u003C/li>\n\u003C/ul>\n\u003Ch3 id=\"4-parameter-urls-appearing-in-search-results\">\u003Ca class=\"not-prose\" href=\"#4-parameter-urls-appearing-in-search-results\">4. \u003Cstrong>Parameter URLs Appearing in Search Results\u003C/strong>\u003C/a>\u003C/h3>\n\u003Cp>Search for your brand and see if you find URLs like:\u003C/p>\n\u003Cul>\n\u003Cli>\u003Ccode>yoursite.com/page?sort=price\u003C/code>\u003C/li>\n\u003Cli>\u003Ccode>yoursite.com/product?color=red&#x26;size=large\u003C/code>\u003C/li>\n\u003Cli>\u003Ccode>yoursite.com/?utm_source=newsletter\u003C/code>\u003C/li>\n\u003C/ul>\n\u003Cp>These should never appear in search results.\u003C/p>\n\u003Ch3 id=\"5-thin-content-pages-getting-indexed\">\u003Ca class=\"not-prose\" href=\"#5-thin-content-pages-getting-indexed\">5. \u003Cstrong>Thin Content Pages Getting Indexed\u003C/strong>\u003C/a>\u003C/h3>\n\u003Cp>Common culprits include:\u003C/p>\n\u003Cul>\n\u003Cli>Empty category pages\u003C/li>\n\u003Cli>Pagination pages with minimal content\u003C/li>\n\u003Cli>Filter result pages\u003C/li>\n\u003Cli>Admin or development pages\u003C/li>\n\u003C/ul>\n\u003Ch2 id=\"real-client-example\">\u003Ca class=\"not-prose\" href=\"#real-client-example\">Real Client Example\u003C/a>\u003C/h2>\n\u003Cp>\u003Cstrong>E-commerce client case:\u003C/strong>\u003C/p>\n\u003Cul>\n\u003Cli>\u003Cstrong>Before:\u003C/strong> 15,000 pages indexed (only 2,000 were actual products)\u003C/li>\n\u003Cli>\u003Cstrong>Problem:\u003C/strong> Parameter URLs and filter combinations\u003C/li>\n\u003Cli>\u003Cstrong>After:\u003C/strong> 3,000 quality pages indexed\u003C/li>\n\u003Cli>\u003Cstrong>Result:\u003C/strong> +275% organic traffic in 4 months\u003C/li>\n\u003C/ul>\n\u003Ch2 id=\"quick-diagnosis-steps\">\u003Ca class=\"not-prose\" href=\"#quick-diagnosis-steps\">Quick Diagnosis Steps\u003C/a>\u003C/h2>\n\u003Col>\n\u003Cli>\u003Cstrong>Site: search\u003C/strong> your domain\u003C/li>\n\u003Cli>\u003Cstrong>Check GSC Coverage\u003C/strong> report\u003C/li>\n\u003Cli>\u003Cstrong>Analyze top landing pages\u003C/strong> for quality\u003C/li>\n\u003Cli>\u003Cstrong>Review robots.txt\u003C/strong> and meta robots tags\u003C/li>\n\u003Cli>\u003Cstrong>Audit internal linking\u003C/strong> patterns\u003C/li>\n\u003C/ol>\n\u003Ch2 id=\"what-to-do-if-you-have-index-bloat\">\u003Ca class=\"not-prose\" href=\"#what-to-do-if-you-have-index-bloat\">What to Do If You Have Index Bloat\u003C/a>\u003C/h2>\n\u003Ch3 id=\"immediate-actions\">\u003Ca class=\"not-prose\" href=\"#immediate-actions\">Immediate Actions:\u003C/a>\u003C/h3>\n\u003Cul>\n\u003Cli>Add \u003Ccode>noindex\u003C/code> to low-value pages\u003C/li>\n\u003Cli>Update robots.txt to block parameter URLs\u003C/li>\n\u003Cli>Implement canonical tags for similar content\u003C/li>\n\u003Cli>Clean up your XML sitemap\u003C/li>\n\u003C/ul>\n\u003Ch3 id=\"long-term-strategy\">\u003Ca class=\"not-prose\" href=\"#long-term-strategy\">Long-term Strategy:\u003C/a>\u003C/h3>\n\u003Cul>\n\u003Cli>Regular crawl audits\u003C/li>\n\u003Cli>Parameter handling in GSC\u003C/li>\n\u003Cli>Strategic internal linking\u003C/li>\n\u003Cli>Content quality guidelines\u003C/li>\n\u003C/ul>\n\u003Ch2 id=\"need-expert-help\">\u003Ca class=\"not-prose\" href=\"#need-expert-help\">Need Expert Help?\u003C/a>\u003C/h2>\n\u003Cp>Index Bloat issues can be complex, especially for large websites with thousands of pages. If you’re seeing these warning signs, a professional technical SEO audit can identify the specific problems and create a fix strategy.\u003C/p>\n\u003Cp>I’ve successfully resolved Index Bloat for clients across various industries - from e-commerce stores to large corporate websites.\u003C/p>\n\u003Cp>\u003Ca href=\"/contact/\">Contact me for a technical SEO consultation →\u003C/a>\u003C/p>\n\u003Chr>\n\u003Cp>\u003Cstrong>About the Author:\u003C/strong> Jessica Schmukler is a Technical SEO Consultant specializing in complex indexation issues, with 10+ years of experience serving clients across the US and Canada.\u003C/p>",{"headings":218,"localImagePaths":262,"remoteImagePaths":263,"frontmatter":264,"imagePaths":268},[219,222,225,228,232,235,238,241,244,247,250,253,256,259],{"depth":220,"slug":221,"text":205},1,"5-signs-your-website-has-index-bloat-issues",{"depth":146,"slug":223,"text":224},"what-is-index-bloat","What is Index Bloat?",{"depth":146,"slug":226,"text":227},"5-critical-warning-signs","5 Critical Warning Signs",{"depth":229,"slug":230,"text":231},3,"1-indexed-pages-exceed-your-actual-content","1. Indexed Pages Exceed Your Actual Content",{"depth":229,"slug":233,"text":234},"2-google-search-console-shows-crawl-budget-issues","2. Google Search Console Shows Crawl Budget Issues",{"depth":229,"slug":236,"text":237},"3-declining-organic-traffic-despite-new-content","3. Declining Organic Traffic Despite New Content",{"depth":229,"slug":239,"text":240},"4-parameter-urls-appearing-in-search-results","4. Parameter URLs Appearing in Search Results",{"depth":229,"slug":242,"text":243},"5-thin-content-pages-getting-indexed","5. Thin Content Pages Getting Indexed",{"depth":146,"slug":245,"text":246},"real-client-example","Real Client Example",{"depth":146,"slug":248,"text":249},"quick-diagnosis-steps","Quick Diagnosis Steps",{"depth":146,"slug":251,"text":252},"what-to-do-if-you-have-index-bloat","What to Do If You Have Index Bloat",{"depth":229,"slug":254,"text":255},"immediate-actions","Immediate Actions:",{"depth":229,"slug":257,"text":258},"long-term-strategy","Long-term Strategy:",{"depth":146,"slug":260,"text":261},"need-expert-help","Need Expert Help?",[],[],{"title":205,"description":206,"publishDate":265,"tags":266,"draft":110,"readingTime":267},["Date","2025-01-20T00:00:00.000Z"],[208,209,210],"2 min read",[],"webmentions",{"id":269,"data":271,"body":279,"filePath":280,"digest":281,"rendered":282},{"title":272,"description":273,"draft":110,"tags":274,"publishDate":277,"updatedDate":278},"Adding Webmentions to Astro Cactus","This post describes the process of adding webmentions to your own site",[269,275,276],"astro","social",["Date","2023-10-11T03:00:00.000Z"],["Date","2024-12-06T03:00:00.000Z"],"## TLDR\r\n\r\n1. Add a link on your homepage to either your GitHub profile and/or email address as per [IndieLogin's](https://indielogin.com/setup) instructions. You _could_ do this via `src/components/SocialList.astro`, just be sure to include `isWebmention` to the relevant link if doing so.\r\n2. Create an account @ [Webmention.io](https://webmention.io/) by entering your website's address.\r\n3. Add the link feed and api key to a `.env` file with the key `WEBMENTION_URL` and `WEBMENTION_API_KEY` respectively, you could rename `.env.example` found in this template. You can also add the optional `WEBMENTION_PINGBACK` link here too.\r\n4. Go to [brid.gy](https://brid.gy/) and sign-in to each social account[s] you wish to link.\r\n5. Publish and build your website, remember to add the api key, and it should now be ready to receive webmentions!\r\n\r\n## What are webmentions\r\n\r\nPut simply, it's a way to show users who like, comment, repost and more, on various pages on your website via social media.\r\n\r\nThis theme displays the number of likes, mentions and replies each blog post receives. There are a couple of more webmentions that I haven't included, like reposts, which are currently filtered out, but shouldn't be too difficult to include.\r\n\r\n## Steps to add it to your own site\r\n\r\nYour going to have to create a couple of accounts to get things up-and-running. But, the first thing you need to ensure is that your social links are correct.\r\n\r\n### Add link(s) to your profile(s)\r\n\r\nFirstly, you need to add a link on your site to prove ownership. If you have a look at [IndieLogin's](https://indielogin.com/setup) instructions, it gives you 2 options, either an email address and/or GitHub account. I've created the component `src/components/SocialList.astro` where you can add your details into the `socialLinks` array, just include the `isWebmention` property to the relevant link which will add the `rel=\"me authn\"` attribute. Whichever way you do it, make sure you have a link in your markup as per IndieLogin's [instructions](https://indielogin.com/setup)\r\n\r\n```html\r\n\u003Ca href=\"https://github.com/your-username\" rel=\"me\">GitHub\u003C/a>\r\n```\r\n\r\n### Sign up to Webmention.io\r\n\r\nNext, head over to [Webmention.io](https://webmention.io/) and create an account by signing in with your domain name, e.g. `https://astro-cactus.chriswilliams.dev/`. Please note that .app TLDs don't function correctly. Once in, it will give you a couple of links for your domain to accept webmentions. Make a note of these and create a `.env` file (this template include an example `.env.example` which you could rename). Add the link feed and api key with the key/values of `WEBMENTION_URL` and `WEBMENTION_API_KEY` respectively, and the optional `WEBMENTION_PINGBACK` url if required. Please try not to publish this to a repository!\r\n\r\n:::note\r\nYou don't have to include the pingback link. Maybe coincidentally, but after adding it I started to receive a higher frequency of spam in my mailbox, informing me that my website could be better. TBH they're not wrong. I've now removed it, but it's up to you.\r\n:::\r\n\r\n### Sign up to Brid.gy\r\n\r\nYou're now going to have to use [brid.gy](https://brid.gy/). As the name suggests, it links your website to your social media accounts. For every account you want to set up (e.g. Mastodon), click on the relevant button and connect each account you want brid.gy to search. Just to note again, brid.gy currently has an issue with .app TLDs.\r\n\r\n## Testing everything works\r\n\r\nWith everything set, it's now time to build and publish your website. **REMEMBER** to set your environment variables `WEBMENTION_API_KEY` & `WEBMENTION_URL` with your host.\r\n\r\nYou can check to see if everything is working by sending a test webmention via [webmentions.rocks](https://webmention.rocks/receive/1). Log in with your domain, enter the auth code, and then the url of the page you want to test. For example, to test this page I would add `https://astro-cactus.chriswilliams.dev/posts/webmentions/`. To view it on your website, rebuild or (re)start dev mode locally, and you should see the result at the bottom of your page.\r\n\r\nYou can also view any test mentions in the browser via their [api](https://github.com/aaronpk/webmention.io#api).\r\n\r\n## Things to add, things to consider\r\n\r\n- At the moment, fresh webmentions are only fetched on a rebuild or restarting dev mode, which obviously means if you don't update your site very often you wont get a lot of new content. It should be quite trivial to add a cron job to run the `getAndCacheWebmentions()` function in `src/utils/webmentions.ts` and populate your blog with new content. This is probably what I'll add next as a github action.\r\n\r\n- I have seen some mentions have duplicates. Unfortunately, they're quite difficult to filter out as they have different id's.\r\n\r\n- I'm not a huge fan of the little external link icon for linking to comments/replies. It's not particularly great on mobile due to its size, and will likely change it in the future.\r\n\r\n## Acknowledgements\r\n\r\nMany thanks to [Kieran McGuire](https://github.com/chrismwilliams/astro-theme-cactus/issues/107#issue-1863931105) for sharing this with me, and the helpful posts. I'd never heard of webmentions before, and now with this update hopefully others will be able to make use of them. Additionally, articles and examples from [kld](https://kld.dev/adding-webmentions/) and [ryanmulligan.dev](https://ryanmulligan.dev/blog/) really helped in getting this set up and integrated, both a great resource if you're looking for more information!","src/content/post/webmentions.md","1a9dbe2a159ebe50",{"html":283,"metadata":284},"\u003Ch2 id=\"tldr\">\u003Ca class=\"not-prose\" href=\"#tldr\">TLDR\u003C/a>\u003C/h2>\n\u003Col>\n\u003Cli>Add a link on your homepage to either your GitHub profile and/or email address as per \u003Ca href=\"https://indielogin.com/setup\" rel=\"noreferrer noopener\" target=\"_blank\">IndieLogin’s\u003C/a> instructions. You \u003Cem>could\u003C/em> do this via \u003Ccode>src/components/SocialList.astro\u003C/code>, just be sure to include \u003Ccode>isWebmention\u003C/code> to the relevant link if doing so.\u003C/li>\n\u003Cli>Create an account @ \u003Ca href=\"https://webmention.io/\" rel=\"noreferrer noopener\" target=\"_blank\">Webmention.io\u003C/a> by entering your website’s address.\u003C/li>\n\u003Cli>Add the link feed and api key to a \u003Ccode>.env\u003C/code> file with the key \u003Ccode>WEBMENTION_URL\u003C/code> and \u003Ccode>WEBMENTION_API_KEY\u003C/code> respectively, you could rename \u003Ccode>.env.example\u003C/code> found in this template. You can also add the optional \u003Ccode>WEBMENTION_PINGBACK\u003C/code> link here too.\u003C/li>\n\u003Cli>Go to \u003Ca href=\"https://brid.gy/\" rel=\"noreferrer noopener\" target=\"_blank\">brid.gy\u003C/a> and sign-in to each social account[s] you wish to link.\u003C/li>\n\u003Cli>Publish and build your website, remember to add the api key, and it should now be ready to receive webmentions!\u003C/li>\n\u003C/ol>\n\u003Ch2 id=\"what-are-webmentions\">\u003Ca class=\"not-prose\" href=\"#what-are-webmentions\">What are webmentions\u003C/a>\u003C/h2>\n\u003Cp>Put simply, it’s a way to show users who like, comment, repost and more, on various pages on your website via social media.\u003C/p>\n\u003Cp>This theme displays the number of likes, mentions and replies each blog post receives. There are a couple of more webmentions that I haven’t included, like reposts, which are currently filtered out, but shouldn’t be too difficult to include.\u003C/p>\n\u003Ch2 id=\"steps-to-add-it-to-your-own-site\">\u003Ca class=\"not-prose\" href=\"#steps-to-add-it-to-your-own-site\">Steps to add it to your own site\u003C/a>\u003C/h2>\n\u003Cp>Your going to have to create a couple of accounts to get things up-and-running. But, the first thing you need to ensure is that your social links are correct.\u003C/p>\n\u003Ch3 id=\"add-links-to-your-profiles\">\u003Ca class=\"not-prose\" href=\"#add-links-to-your-profiles\">Add link(s) to your profile(s)\u003C/a>\u003C/h3>\n\u003Cp>Firstly, you need to add a link on your site to prove ownership. If you have a look at \u003Ca href=\"https://indielogin.com/setup\" rel=\"noreferrer noopener\" target=\"_blank\">IndieLogin’s\u003C/a> instructions, it gives you 2 options, either an email address and/or GitHub account. I’ve created the component \u003Ccode>src/components/SocialList.astro\u003C/code> where you can add your details into the \u003Ccode>socialLinks\u003C/code> array, just include the \u003Ccode>isWebmention\u003C/code> property to the relevant link which will add the \u003Ccode>rel=\"me authn\"\u003C/code> attribute. Whichever way you do it, make sure you have a link in your markup as per IndieLogin’s \u003Ca href=\"https://indielogin.com/setup\" rel=\"noreferrer noopener\" target=\"_blank\">instructions\u003C/a>\u003C/p>\n\u003Cdiv class=\"expressive-code\">\u003Clink rel=\"stylesheet\" href=\"/_astro/ec.0az4c.css\">\u003Cscript type=\"module\" src=\"/_astro/ec.8zarh.js\">\u003C/script>\u003Cfigure class=\"frame\">\u003Cfigcaption class=\"header\">\u003C/figcaption>\u003Cpre data-language=\"html\">\u003Ccode>\u003Cdiv class=\"ec-line\">\u003Cdiv class=\"code\">\u003Cspan style=\"--0:#F8F8F2;--1:#24292E\">&#x3C;\u003C/span>\u003Cspan style=\"--0:#FF79C6;--1:#1E7734\">a\u003C/span>\u003Cspan style=\"--0:#F8F8F2;--1:#24292E\"> \u003C/span>\u003Cspan style=\"--0:#50FA7B;--0fs:italic;--1:#6F42C1\">href\u003C/span>\u003Cspan style=\"--0:#FF79C6;--1:#24292E\">=\u003C/span>\u003Cspan style=\"--1:#032F62\">\u003Cspan style=\"--0:#E9F284\">\"\u003C/span>\u003Cspan style=\"--0:#F1FA8C\">https://github.com/your-username\u003C/span>\u003Cspan style=\"--0:#E9F284\">\"\u003C/span>\u003C/span>\u003Cspan style=\"--0:#F8F8F2;--1:#24292E\"> \u003C/span>\u003Cspan style=\"--0:#50FA7B;--0fs:italic;--1:#6F42C1\">rel\u003C/span>\u003Cspan style=\"--0:#FF79C6;--1:#24292E\">=\u003C/span>\u003Cspan style=\"--1:#032F62\">\u003Cspan style=\"--0:#E9F284\">\"\u003C/span>\u003Cspan style=\"--0:#F1FA8C\">me\u003C/span>\u003Cspan style=\"--0:#E9F284\">\"\u003C/span>\u003C/span>\u003Cspan style=\"--0:#F8F8F2;--1:#24292E\">>GitHub&#x3C;/\u003C/span>\u003Cspan style=\"--0:#FF79C6;--1:#1E7734\">a\u003C/span>\u003Cspan style=\"--0:#F8F8F2;--1:#24292E\">>\u003C/span>\u003C/div>\u003C/div>\u003C/code>\u003C/pre>\u003Cdiv class=\"copy\">\u003Cbutton title=\"Copy to clipboard\" data-copied=\"Copied!\" data-code=\"\u003Ca href=&#x22;https://github.com/your-username&#x22; rel=&#x22;me&#x22;>GitHub\u003C/a>\">\u003Cdiv>\u003C/div>\u003C/button>\u003C/div>\u003C/figure>\u003C/div>\n\u003Ch3 id=\"sign-up-to-webmentionio\">\u003Ca class=\"not-prose\" href=\"#sign-up-to-webmentionio\">Sign up to Webmention.io\u003C/a>\u003C/h3>\n\u003Cp>Next, head over to \u003Ca href=\"https://webmention.io/\" rel=\"noreferrer noopener\" target=\"_blank\">Webmention.io\u003C/a> and create an account by signing in with your domain name, e.g. \u003Ccode>https://astro-cactus.chriswilliams.dev/\u003C/code>. Please note that .app TLDs don’t function correctly. Once in, it will give you a couple of links for your domain to accept webmentions. Make a note of these and create a \u003Ccode>.env\u003C/code> file (this template include an example \u003Ccode>.env.example\u003C/code> which you could rename). Add the link feed and api key with the key/values of \u003Ccode>WEBMENTION_URL\u003C/code> and \u003Ccode>WEBMENTION_API_KEY\u003C/code> respectively, and the optional \u003Ccode>WEBMENTION_PINGBACK\u003C/code> url if required. Please try not to publish this to a repository!\u003C/p>\n\u003Caside aria-label=\"note\" class=\"admonition\" data-admonition-type=\"note\">\u003Cp class=\"admonition-title\" aria-hidden=\"true\">note\u003C/p>\u003Cdiv class=\"admonition-content\">\u003Cp>You don’t have to include the pingback link. Maybe coincidentally, but after adding it I started to receive a higher frequency of spam in my mailbox, informing me that my website could be better. TBH they’re not wrong. I’ve now removed it, but it’s up to you.\u003C/p>\u003C/div>\u003C/aside>\n\u003Ch3 id=\"sign-up-to-bridgy\">\u003Ca class=\"not-prose\" href=\"#sign-up-to-bridgy\">Sign up to Brid.gy\u003C/a>\u003C/h3>\n\u003Cp>You’re now going to have to use \u003Ca href=\"https://brid.gy/\" rel=\"noreferrer noopener\" target=\"_blank\">brid.gy\u003C/a>. As the name suggests, it links your website to your social media accounts. For every account you want to set up (e.g. Mastodon), click on the relevant button and connect each account you want brid.gy to search. Just to note again, brid.gy currently has an issue with .app TLDs.\u003C/p>\n\u003Ch2 id=\"testing-everything-works\">\u003Ca class=\"not-prose\" href=\"#testing-everything-works\">Testing everything works\u003C/a>\u003C/h2>\n\u003Cp>With everything set, it’s now time to build and publish your website. \u003Cstrong>REMEMBER\u003C/strong> to set your environment variables \u003Ccode>WEBMENTION_API_KEY\u003C/code> &#x26; \u003Ccode>WEBMENTION_URL\u003C/code> with your host.\u003C/p>\n\u003Cp>You can check to see if everything is working by sending a test webmention via \u003Ca href=\"https://webmention.rocks/receive/1\" rel=\"noreferrer noopener\" target=\"_blank\">webmentions.rocks\u003C/a>. Log in with your domain, enter the auth code, and then the url of the page you want to test. For example, to test this page I would add \u003Ccode>https://astro-cactus.chriswilliams.dev/posts/webmentions/\u003C/code>. To view it on your website, rebuild or (re)start dev mode locally, and you should see the result at the bottom of your page.\u003C/p>\n\u003Cp>You can also view any test mentions in the browser via their \u003Ca href=\"https://github.com/aaronpk/webmention.io#api\" rel=\"noreferrer noopener\" target=\"_blank\">api\u003C/a>.\u003C/p>\n\u003Ch2 id=\"things-to-add-things-to-consider\">\u003Ca class=\"not-prose\" href=\"#things-to-add-things-to-consider\">Things to add, things to consider\u003C/a>\u003C/h2>\n\u003Cul>\n\u003Cli>\n\u003Cp>At the moment, fresh webmentions are only fetched on a rebuild or restarting dev mode, which obviously means if you don’t update your site very often you wont get a lot of new content. It should be quite trivial to add a cron job to run the \u003Ccode>getAndCacheWebmentions()\u003C/code> function in \u003Ccode>src/utils/webmentions.ts\u003C/code> and populate your blog with new content. This is probably what I’ll add next as a github action.\u003C/p>\n\u003C/li>\n\u003Cli>\n\u003Cp>I have seen some mentions have duplicates. Unfortunately, they’re quite difficult to filter out as they have different id’s.\u003C/p>\n\u003C/li>\n\u003Cli>\n\u003Cp>I’m not a huge fan of the little external link icon for linking to comments/replies. It’s not particularly great on mobile due to its size, and will likely change it in the future.\u003C/p>\n\u003C/li>\n\u003C/ul>\n\u003Ch2 id=\"acknowledgements\">\u003Ca class=\"not-prose\" href=\"#acknowledgements\">Acknowledgements\u003C/a>\u003C/h2>\n\u003Cp>Many thanks to \u003Ca href=\"https://github.com/chrismwilliams/astro-theme-cactus/issues/107#issue-1863931105\" rel=\"noreferrer noopener\" target=\"_blank\">Kieran McGuire\u003C/a> for sharing this with me, and the helpful posts. I’d never heard of webmentions before, and now with this update hopefully others will be able to make use of them. Additionally, articles and examples from \u003Ca href=\"https://kld.dev/adding-webmentions/\" rel=\"noreferrer noopener\" target=\"_blank\">kld\u003C/a> and \u003Ca href=\"https://ryanmulligan.dev/blog/\" rel=\"noreferrer noopener\" target=\"_blank\">ryanmulligan.dev\u003C/a> really helped in getting this set up and integrated, both a great resource if you’re looking for more information!\u003C/p>",{"headings":285,"localImagePaths":313,"remoteImagePaths":314,"frontmatter":315,"imagePaths":320},[286,289,292,295,298,301,304,307,310],{"depth":146,"slug":287,"text":288},"tldr","TLDR",{"depth":146,"slug":290,"text":291},"what-are-webmentions","What are webmentions",{"depth":146,"slug":293,"text":294},"steps-to-add-it-to-your-own-site","Steps to add it to your own site",{"depth":229,"slug":296,"text":297},"add-links-to-your-profiles","Add link(s) to your profile(s)",{"depth":229,"slug":299,"text":300},"sign-up-to-webmentionio","Sign up to Webmention.io",{"depth":229,"slug":302,"text":303},"sign-up-to-bridgy","Sign up to Brid.gy",{"depth":146,"slug":305,"text":306},"testing-everything-works","Testing everything works",{"depth":146,"slug":308,"text":309},"things-to-add-things-to-consider","Things to add, things to consider",{"depth":146,"slug":311,"text":312},"acknowledgements","Acknowledgements",[],[],{"title":272,"description":273,"publishDate":316,"tags":317,"updatedDate":318,"readingTime":319},"11 Oct 2023",[269,275,276],"6 December 2024","4 min read",[],"social-image",{"id":321,"data":323,"body":330,"filePath":331,"digest":332,"rendered":333},{"title":324,"description":325,"draft":110,"ogImage":326,"tags":327,"publishDate":329},"Example OG Social Image","An example post for Astro Cactus, detailing how to add a custom social image card in the frontmatter","/social-card.png",[328,180,11],"example",["Date","2023-01-27T03:00:00.000Z"],"## Adding your own social image to a post\r\n\r\nThis post is an example of how to add a custom [open graph](https://ogp.me/) social image, also known as an OG image, to a blog post.\r\nBy adding the optional ogImage property to the frontmatter of a post, you opt out of [satori](https://github.com/vercel/satori) automatically generating an image for this page.\r\n\r\nIf you open this markdown file `src/content/post/social-image.md` you'll see the ogImage property set to an image which lives in the public folder[^1].\r\n\r\n```yaml\r\nogImage: \"/social-card.png\"\r\n```\r\n\r\nYou can view the one set for this template page [here](https://astro-cactus.chriswilliams.dev/social-card.png).\r\n\r\n[^1]: The image itself can be located anywhere you like.","src/content/post/social-image.md","0be6829031cf14b5",{"html":334,"metadata":335},"\u003Ch2 id=\"adding-your-own-social-image-to-a-post\">\u003Ca class=\"not-prose\" href=\"#adding-your-own-social-image-to-a-post\">Adding your own social image to a post\u003C/a>\u003C/h2>\n\u003Cp>This post is an example of how to add a custom \u003Ca href=\"https://ogp.me/\" rel=\"noreferrer noopener\" target=\"_blank\">open graph\u003C/a> social image, also known as an OG image, to a blog post.\r\nBy adding the optional ogImage property to the frontmatter of a post, you opt out of \u003Ca href=\"https://github.com/vercel/satori\" rel=\"noreferrer noopener\" target=\"_blank\">satori\u003C/a> automatically generating an image for this page.\u003C/p>\n\u003Cp>If you open this markdown file \u003Ccode>src/content/post/social-image.md\u003C/code> you’ll see the ogImage property set to an image which lives in the public folder\u003Csup>\u003Ca href=\"#user-content-fn-1\" id=\"user-content-fnref-1\" data-footnote-ref=\"\" aria-describedby=\"footnote-label\">1\u003C/a>\u003C/sup>.\u003C/p>\n\u003Cdiv class=\"expressive-code\">\u003Clink rel=\"stylesheet\" href=\"/_astro/ec.0az4c.css\">\u003Cscript type=\"module\" src=\"/_astro/ec.8zarh.js\">\u003C/script>\u003Cfigure class=\"frame\">\u003Cfigcaption class=\"header\">\u003C/figcaption>\u003Cpre data-language=\"yaml\">\u003Ccode>\u003Cdiv class=\"ec-line\">\u003Cdiv class=\"code\">\u003Cspan style=\"--0:#8BE9FD;--1:#1E7734\">ogImage\u003C/span>\u003Cspan style=\"--1:#24292E\">\u003Cspan style=\"--0:#FF79C6\">:\u003C/span>\u003Cspan style=\"--0:#F8F8F2\"> \u003C/span>\u003C/span>\u003Cspan style=\"--1:#032F62\">\u003Cspan style=\"--0:#E9F284\">\"\u003C/span>\u003Cspan style=\"--0:#F1FA8C\">/social-card.png\u003C/span>\u003Cspan style=\"--0:#E9F284\">\"\u003C/span>\u003C/span>\u003C/div>\u003C/div>\u003C/code>\u003C/pre>\u003Cdiv class=\"copy\">\u003Cbutton title=\"Copy to clipboard\" data-copied=\"Copied!\" data-code=\"ogImage: &#x22;/social-card.png&#x22;\">\u003Cdiv>\u003C/div>\u003C/button>\u003C/div>\u003C/figure>\u003C/div>\n\u003Cp>You can view the one set for this template page \u003Ca href=\"https://astro-cactus.chriswilliams.dev/social-card.png\" rel=\"noreferrer noopener\" target=\"_blank\">here\u003C/a>.\u003C/p>\n\u003Csection data-footnotes=\"\" class=\"footnotes\">\u003Ch2 class=\"\" id=\"footnote-label\">\u003Ca class=\"not-prose\" href=\"#footnote-label\">Footnotes\u003C/a>\u003C/h2>\n\u003Col>\n\u003Cli id=\"user-content-fn-1\">\n\u003Cp>The image itself can be located anywhere you like. \u003Ca href=\"#user-content-fnref-1\" data-footnote-backref=\"\" aria-label=\"Back to reference 1\" class=\"data-footnote-backref\">↩\u003C/a>\u003C/p>\n\u003C/li>\n\u003C/ol>\n\u003C/section>",{"headings":336,"localImagePaths":343,"remoteImagePaths":344,"frontmatter":345,"imagePaths":348},[337,340],{"depth":146,"slug":338,"text":339},"adding-your-own-social-image-to-a-post","Adding your own social image to a post",{"depth":146,"slug":341,"text":342},"footnote-label","Footnotes",[],[],{"title":324,"publishDate":346,"description":325,"tags":347,"ogImage":326,"readingTime":25},"27 January 2023",[328,180,11],[],"markdown-elements",{"id":349,"data":351,"body":357,"filePath":358,"assetImports":359,"digest":361,"rendered":362},{"title":352,"description":353,"draft":110,"tags":354,"publishDate":355,"updatedDate":356},"A post of Markdown elements","This post is for testing and listing a number of different markdown elements",[27,43],["Date","2023-02-22T03:00:00.000Z"],["Date","2024-01-22T03:00:00.000Z"],"## This is a H2 Heading\r\n\r\n### This is a H3 Heading\r\n\r\n#### This is a H4 Heading\r\n\r\n##### This is a H5 Heading\r\n\r\n###### This is a H6 Heading\r\n\r\n## Horizontal Rules\r\n\r\n---\r\n\r\n---\r\n\r\n---\r\n\r\n## Emphasis\r\n\r\n**This is bold text**\r\n\r\n_This is italic text_\r\n\r\n~~Strikethrough~~\r\n\r\n## Quotes\r\n\r\n\"Double quotes\" and 'single quotes'\r\n\r\n## Blockquotes\r\n\r\n> Blockquotes can also be nested...\r\n>\r\n> > ...by using additional greater-than signs right next to each other...\r\n\r\n## References\r\n\r\nAn example containing a clickable reference[^1] with a link to the source.\r\n\r\nSecond example containing a reference[^2] with a link to the source.\r\n\r\n[^1]: Reference first footnote with a return to content link.\r\n\r\n[^2]: Second reference with a link.\r\n\r\nIf you check out this example in `src/content/post/markdown-elements/index.md`, you'll notice that the references and the heading \"Footnotes\" are added to the bottom of the page via the [remark-rehype](https://github.com/remarkjs/remark-rehype#options) plugin.\r\n\r\n## Lists\r\n\r\nUnordered\r\n\r\n- Create a list by starting a line with `+`, `-`, or `*`\r\n- Sub-lists are made by indenting 2 spaces:\r\n  - Marker character change forces new list start:\r\n    - Ac tristique libero volutpat at\r\n    - Facilisis in pretium nisl aliquet\r\n    - Nulla volutpat aliquam velit\r\n- Very easy!\r\n\r\nOrdered\r\n\r\n1. Lorem ipsum dolor sit amet\r\n2. Consectetur adipiscing elit\r\n3. Integer molestie lorem at massa\r\n\r\n4. You can use sequential numbers...\r\n5. ...or keep all the numbers as `1.`\r\n\r\nStart numbering with offset:\r\n\r\n57. foo\r\n1. bar\r\n\r\n## Code\r\n\r\nInline `code`\r\n\r\nIndented code\r\n\r\n    // Some comments\r\n    line 1 of code\r\n    line 2 of code\r\n    line 3 of code\r\n\r\nBlock code \"fences\"\r\n\r\n```\r\nSample text here...\r\n```\r\n\r\nSyntax highlighting\r\n\r\n```js\r\nvar foo = function (bar) {\r\n\treturn bar++;\r\n};\r\n\r\nconsole.log(foo(5));\r\n```\r\n\r\n### Expressive code examples\r\n\r\nAdding a title\r\n\r\n```js title=\"file.js\"\r\nconsole.log(\"Title example\");\r\n```\r\n\r\nA bash terminal\r\n\r\n```bash\r\necho \"A base terminal example\"\r\n```\r\n\r\nHighlighting code lines\r\n\r\n```js title=\"line-markers.js\" del={2} ins={3-4} {6}\r\nfunction demo() {\r\n\tconsole.log(\"this line is marked as deleted\");\r\n\t// This line and the next one are marked as inserted\r\n\tconsole.log(\"this is the second inserted line\");\r\n\r\n\treturn \"this line uses the neutral default marker type\";\r\n}\r\n```\r\n\r\n[Expressive Code](https://expressive-code.com/) can do a ton more than shown here, and includes a lot of [customisation](https://expressive-code.com/reference/configuration/).\r\n\r\n## Tables\r\n\r\n| Option | Description                                                               |\r\n| ------ | ------------------------------------------------------------------------- |\r\n| data   | path to data files to supply the data that will be passed into templates. |\r\n| engine | engine to be used for processing templates. Handlebars is the default.    |\r\n| ext    | extension to be used for dest files.                                      |\r\n\r\n### Table Alignment\r\n\r\n| Item         | Price | # In stock |\r\n| ------------ | :---: | ---------: |\r\n| Juicy Apples | 1.99  |        739 |\r\n| Bananas      | 1.89  |          6 |\r\n\r\n### Keyboard elements\r\n\r\n| Action                | Shortcut                                   |\r\n| --------------------- | ------------------------------------------ |\r\n| Vertical split        | \u003Ckbd>Alt+Shift++\u003C/kbd>                     |\r\n| Horizontal split      | \u003Ckbd>Alt+Shift+-\u003C/kbd>                     |\r\n| Auto split            | \u003Ckbd>Alt+Shift+d\u003C/kbd>                     |\r\n| Switch between splits | \u003Ckbd>Alt\u003C/kbd> + arrow keys                |\r\n| Resizing a split      | \u003Ckbd>Alt+Shift\u003C/kbd> + arrow keys          |\r\n| Close a split         | \u003Ckbd>Ctrl+Shift+W\u003C/kbd>                    |\r\n| Maximize a pane       | \u003Ckbd>Ctrl+Shift+P\u003C/kbd> + Toggle pane zoom |\r\n\r\n## Images\r\n\r\nImage in the same folder: `src/content/post/markdown-elements/logo.png`\r\n\r\n![Astro theme cactus logo](./logo.png)\r\n\r\n## Links\r\n\r\n[Content from markdown-it](https://markdown-it.github.io/)","src/content/post/markdown-elements/index.md",[360],"./logo.png","4a8ee7588ad50609",{"html":363,"metadata":364},"\u003Ch2 id=\"this-is-a-h2-heading\">\u003Ca class=\"not-prose\" href=\"#this-is-a-h2-heading\">This is a H2 Heading\u003C/a>\u003C/h2>\n\u003Ch3 id=\"this-is-a-h3-heading\">\u003Ca class=\"not-prose\" href=\"#this-is-a-h3-heading\">This is a H3 Heading\u003C/a>\u003C/h3>\n\u003Ch4 id=\"this-is-a-h4-heading\">\u003Ca class=\"not-prose\" href=\"#this-is-a-h4-heading\">This is a H4 Heading\u003C/a>\u003C/h4>\n\u003Ch5 id=\"this-is-a-h5-heading\">\u003Ca class=\"not-prose\" href=\"#this-is-a-h5-heading\">This is a H5 Heading\u003C/a>\u003C/h5>\n\u003Ch6 id=\"this-is-a-h6-heading\">\u003Ca class=\"not-prose\" href=\"#this-is-a-h6-heading\">This is a H6 Heading\u003C/a>\u003C/h6>\n\u003Ch2 id=\"horizontal-rules\">\u003Ca class=\"not-prose\" href=\"#horizontal-rules\">Horizontal Rules\u003C/a>\u003C/h2>\n\u003Chr>\n\u003Chr>\n\u003Chr>\n\u003Ch2 id=\"emphasis\">\u003Ca class=\"not-prose\" href=\"#emphasis\">Emphasis\u003C/a>\u003C/h2>\n\u003Cp>\u003Cstrong>This is bold text\u003C/strong>\u003C/p>\n\u003Cp>\u003Cem>This is italic text\u003C/em>\u003C/p>\n\u003Cp>\u003Cdel>Strikethrough\u003C/del>\u003C/p>\n\u003Ch2 id=\"quotes\">\u003Ca class=\"not-prose\" href=\"#quotes\">Quotes\u003C/a>\u003C/h2>\n\u003Cp>“Double quotes” and ‘single quotes’\u003C/p>\n\u003Ch2 id=\"blockquotes\">\u003Ca class=\"not-prose\" href=\"#blockquotes\">Blockquotes\u003C/a>\u003C/h2>\n\u003Cblockquote>\n\u003Cp>Blockquotes can also be nested…\u003C/p>\n\u003Cblockquote>\n\u003Cp>…by using additional greater-than signs right next to each other…\u003C/p>\n\u003C/blockquote>\n\u003C/blockquote>\n\u003Ch2 id=\"references\">\u003Ca class=\"not-prose\" href=\"#references\">References\u003C/a>\u003C/h2>\n\u003Cp>An example containing a clickable reference\u003Csup>\u003Ca href=\"#user-content-fn-1\" id=\"user-content-fnref-1\" data-footnote-ref=\"\" aria-describedby=\"footnote-label\">1\u003C/a>\u003C/sup> with a link to the source.\u003C/p>\n\u003Cp>Second example containing a reference\u003Csup>\u003Ca href=\"#user-content-fn-2\" id=\"user-content-fnref-2\" data-footnote-ref=\"\" aria-describedby=\"footnote-label\">2\u003C/a>\u003C/sup> with a link to the source.\u003C/p>\n\u003Cp>If you check out this example in \u003Ccode>src/content/post/markdown-elements/index.md\u003C/code>, you’ll notice that the references and the heading “Footnotes” are added to the bottom of the page via the \u003Ca href=\"https://github.com/remarkjs/remark-rehype#options\" rel=\"noreferrer noopener\" target=\"_blank\">remark-rehype\u003C/a> plugin.\u003C/p>\n\u003Ch2 id=\"lists\">\u003Ca class=\"not-prose\" href=\"#lists\">Lists\u003C/a>\u003C/h2>\n\u003Cp>Unordered\u003C/p>\n\u003Cul>\n\u003Cli>Create a list by starting a line with \u003Ccode>+\u003C/code>, \u003Ccode>-\u003C/code>, or \u003Ccode>*\u003C/code>\u003C/li>\n\u003Cli>Sub-lists are made by indenting 2 spaces:\n\u003Cul>\n\u003Cli>Marker character change forces new list start:\n\u003Cul>\n\u003Cli>Ac tristique libero volutpat at\u003C/li>\n\u003Cli>Facilisis in pretium nisl aliquet\u003C/li>\n\u003Cli>Nulla volutpat aliquam velit\u003C/li>\n\u003C/ul>\n\u003C/li>\n\u003C/ul>\n\u003C/li>\n\u003Cli>Very easy!\u003C/li>\n\u003C/ul>\n\u003Cp>Ordered\u003C/p>\n\u003Col>\n\u003Cli>\n\u003Cp>Lorem ipsum dolor sit amet\u003C/p>\n\u003C/li>\n\u003Cli>\n\u003Cp>Consectetur adipiscing elit\u003C/p>\n\u003C/li>\n\u003Cli>\n\u003Cp>Integer molestie lorem at massa\u003C/p>\n\u003C/li>\n\u003Cli>\n\u003Cp>You can use sequential numbers…\u003C/p>\n\u003C/li>\n\u003Cli>\n\u003Cp>…or keep all the numbers as \u003Ccode>1.\u003C/code>\u003C/p>\n\u003C/li>\n\u003C/ol>\n\u003Cp>Start numbering with offset:\u003C/p>\n\u003Col start=\"57\">\n\u003Cli>foo\u003C/li>\n\u003Cli>bar\u003C/li>\n\u003C/ol>\n\u003Ch2 id=\"code\">\u003Ca class=\"not-prose\" href=\"#code\">Code\u003C/a>\u003C/h2>\n\u003Cp>Inline \u003Ccode>code\u003C/code>\u003C/p>\n\u003Cp>Indented code\u003C/p>\n\u003Cdiv class=\"expressive-code\">\u003Clink rel=\"stylesheet\" href=\"/_astro/ec.0az4c.css\">\u003Cscript type=\"module\" src=\"/_astro/ec.8zarh.js\">\u003C/script>\u003Cfigure class=\"frame\">\u003Cfigcaption class=\"header\">\u003C/figcaption>\u003Cpre data-language=\"plaintext\">\u003Ccode>\u003Cdiv class=\"ec-line\">\u003Cdiv class=\"code\">\u003Cspan style=\"--0:#f8f8f2;--1:#24292e\">// Some comments\u003C/span>\u003C/div>\u003C/div>\u003Cdiv class=\"ec-line\">\u003Cdiv class=\"code\">\u003Cspan style=\"--0:#f8f8f2;--1:#24292e\">line 1 of code\u003C/span>\u003C/div>\u003C/div>\u003Cdiv class=\"ec-line\">\u003Cdiv class=\"code\">\u003Cspan style=\"--0:#f8f8f2;--1:#24292e\">line 2 of code\u003C/span>\u003C/div>\u003C/div>\u003Cdiv class=\"ec-line\">\u003Cdiv class=\"code\">\u003Cspan style=\"--0:#f8f8f2;--1:#24292e\">line 3 of code\u003C/span>\u003C/div>\u003C/div>\u003C/code>\u003C/pre>\u003Cdiv class=\"copy\">\u003Cbutton title=\"Copy to clipboard\" data-copied=\"Copied!\" data-code=\"// Some commentsline 1 of codeline 2 of codeline 3 of code\">\u003Cdiv>\u003C/div>\u003C/button>\u003C/div>\u003C/figure>\u003C/div>\n\u003Cp>Block code “fences”\u003C/p>\n\u003Cdiv class=\"expressive-code\">\u003Cfigure class=\"frame\">\u003Cfigcaption class=\"header\">\u003C/figcaption>\u003Cpre data-language=\"plaintext\">\u003Ccode>\u003Cdiv class=\"ec-line\">\u003Cdiv class=\"code\">\u003Cspan style=\"--0:#f8f8f2;--1:#24292e\">Sample text here...\u003C/span>\u003C/div>\u003C/div>\u003C/code>\u003C/pre>\u003Cdiv class=\"copy\">\u003Cbutton title=\"Copy to clipboard\" data-copied=\"Copied!\" data-code=\"Sample text here...\">\u003Cdiv>\u003C/div>\u003C/button>\u003C/div>\u003C/figure>\u003C/div>\n\u003Cp>Syntax highlighting\u003C/p>\n\u003Cdiv class=\"expressive-code\">\u003Cfigure class=\"frame\">\u003Cfigcaption class=\"header\">\u003C/figcaption>\u003Cpre data-language=\"js\">\u003Ccode>\u003Cdiv class=\"ec-line\">\u003Cdiv class=\"code\">\u003Cspan style=\"--0:#FF79C6;--1:#BF3441\">var\u003C/span>\u003Cspan style=\"--0:#F8F8F2;--1:#24292E\"> \u003C/span>\u003Cspan style=\"--0:#50FA7B;--1:#6F42C1\">foo\u003C/span>\u003Cspan style=\"--0:#F8F8F2;--1:#24292E\"> \u003C/span>\u003Cspan style=\"--0:#FF79C6;--1:#BF3441\">=\u003C/span>\u003Cspan style=\"--0:#F8F8F2;--1:#24292E\"> \u003C/span>\u003Cspan style=\"--0:#FF79C6;--1:#BF3441\">function\u003C/span>\u003Cspan style=\"--0:#F8F8F2;--1:#24292E\"> (\u003C/span>\u003Cspan style=\"--0:#FFB86C;--0fs:italic;--1:#AE4B07\">bar\u003C/span>\u003Cspan style=\"--0:#F8F8F2;--1:#24292E\">) {\u003C/span>\u003C/div>\u003C/div>\u003Cdiv class=\"ec-line\">\u003Cdiv class=\"code\">\u003Cspan class=\"indent\">  \u003C/span>\u003Cspan style=\"--0:#FF79C6;--1:#BF3441\">return\u003C/span>\u003Cspan style=\"--0:#F8F8F2;--1:#24292E\"> bar\u003C/span>\u003Cspan style=\"--0:#FF79C6;--1:#BF3441\">++\u003C/span>\u003Cspan style=\"--0:#F8F8F2;--1:#24292E\">;\u003C/span>\u003C/div>\u003C/div>\u003Cdiv class=\"ec-line\">\u003Cdiv class=\"code\">\u003Cspan style=\"--0:#F8F8F2;--1:#24292E\">};\u003C/span>\u003C/div>\u003C/div>\u003Cdiv class=\"ec-line\">\u003Cdiv class=\"code\">\n\u003C/div>\u003C/div>\u003Cdiv class=\"ec-line\">\u003Cdiv class=\"code\">\u003Cspan style=\"--0:#F8F8F2;--1:#24292E\">console.\u003C/span>\u003Cspan style=\"--0:#50FA7B;--1:#6F42C1\">log\u003C/span>\u003Cspan style=\"--0:#F8F8F2;--1:#24292E\">(\u003C/span>\u003Cspan style=\"--0:#50FA7B;--1:#6F42C1\">foo\u003C/span>\u003Cspan style=\"--0:#F8F8F2;--1:#24292E\">(\u003C/span>\u003Cspan style=\"--0:#BD93F9;--1:#005CC5\">5\u003C/span>\u003Cspan style=\"--0:#F8F8F2;--1:#24292E\">));\u003C/span>\u003C/div>\u003C/div>\u003C/code>\u003C/pre>\u003Cdiv class=\"copy\">\u003Cbutton title=\"Copy to clipboard\" data-copied=\"Copied!\" data-code=\"var foo = function (bar) {  return bar++;};console.log(foo(5));\">\u003Cdiv>\u003C/div>\u003C/button>\u003C/div>\u003C/figure>\u003C/div>\n\u003Ch3 id=\"expressive-code-examples\">\u003Ca class=\"not-prose\" href=\"#expressive-code-examples\">Expressive code examples\u003C/a>\u003C/h3>\n\u003Cp>Adding a title\u003C/p>\n\u003Cdiv class=\"expressive-code\">\u003Cfigure class=\"frame has-title\">\u003Cfigcaption class=\"header\">\u003Cspan class=\"title\">file.js\u003C/span>\u003C/figcaption>\u003Cpre data-language=\"js\">\u003Ccode>\u003Cdiv class=\"ec-line\">\u003Cdiv class=\"code\">\u003Cspan style=\"--0:#F8F8F2;--1:#24292E\">console.\u003C/span>\u003Cspan style=\"--0:#50FA7B;--1:#6F42C1\">log\u003C/span>\u003Cspan style=\"--0:#F8F8F2;--1:#24292E\">(\u003C/span>\u003Cspan style=\"--1:#032F62\">\u003Cspan style=\"--0:#E9F284\">\"\u003C/span>\u003Cspan style=\"--0:#F1FA8C\">Title example\u003C/span>\u003Cspan style=\"--0:#E9F284\">\"\u003C/span>\u003C/span>\u003Cspan style=\"--0:#F8F8F2;--1:#24292E\">);\u003C/span>\u003C/div>\u003C/div>\u003C/code>\u003C/pre>\u003Cdiv class=\"copy\">\u003Cbutton title=\"Copy to clipboard\" data-copied=\"Copied!\" data-code=\"console.log(&#x22;Title example&#x22;);\">\u003Cdiv>\u003C/div>\u003C/button>\u003C/div>\u003C/figure>\u003C/div>\n\u003Cp>A bash terminal\u003C/p>\n\u003Cdiv class=\"expressive-code\">\u003Cfigure class=\"frame is-terminal\">\u003Cfigcaption class=\"header\">\u003Cspan class=\"title\">\u003C/span>\u003Cspan class=\"sr-only\">Terminal window\u003C/span>\u003C/figcaption>\u003Cpre data-language=\"bash\">\u003Ccode>\u003Cdiv class=\"ec-line\">\u003Cdiv class=\"code\">\u003Cspan style=\"--0:#8BE9FD;--1:#005CC5\">echo\u003C/span>\u003Cspan style=\"--0:#F8F8F2;--1:#24292E\"> \u003C/span>\u003Cspan style=\"--1:#032F62\">\u003Cspan style=\"--0:#E9F284\">\"\u003C/span>\u003Cspan style=\"--0:#F1FA8C\">A base terminal example\u003C/span>\u003Cspan style=\"--0:#E9F284\">\"\u003C/span>\u003C/span>\u003C/div>\u003C/div>\u003C/code>\u003C/pre>\u003Cdiv class=\"copy\">\u003Cbutton title=\"Copy to clipboard\" data-copied=\"Copied!\" data-code=\"echo &#x22;A base terminal example&#x22;\">\u003Cdiv>\u003C/div>\u003C/button>\u003C/div>\u003C/figure>\u003C/div>\n\u003Cp>Highlighting code lines\u003C/p>\n\u003Cdiv class=\"expressive-code\">\u003Cfigure class=\"frame has-title\">\u003Cfigcaption class=\"header\">\u003Cspan class=\"title\">line-markers.js\u003C/span>\u003C/figcaption>\u003Cpre data-language=\"js\">\u003Ccode>\u003Cdiv class=\"ec-line\">\u003Cdiv class=\"code\">\u003Cspan style=\"--0:#FF79C6;--1:#BF3441\">function\u003C/span>\u003Cspan style=\"--0:#F8F8F2;--1:#24292E\"> \u003C/span>\u003Cspan style=\"--0:#50FA7B;--1:#6F42C1\">demo\u003C/span>\u003Cspan style=\"--0:#F8F8F2;--1:#24292E\">() {\u003C/span>\u003C/div>\u003C/div>\u003Cdiv class=\"ec-line highlight del\">\u003Cdiv class=\"code\">\u003Cspan class=\"indent\">\u003Cspan style=\"--0:#F8F8F2;--1:#24292E\">  \u003C/span>\u003C/span>\u003Cspan style=\"--0:#F8F8F2;--1:#24292E\">console.\u003C/span>\u003Cspan style=\"--0:#50FA7B;--1:#613aa9\">log\u003C/span>\u003Cspan style=\"--0:#F8F8F2;--1:#24292E\">(\u003C/span>\u003Cspan style=\"--1:#032F62\">\u003Cspan style=\"--0:#E9F284\">\"\u003C/span>\u003Cspan style=\"--0:#F1FA8C\">this line is marked as deleted\u003C/span>\u003Cspan style=\"--0:#E9F284\">\"\u003C/span>\u003C/span>\u003Cspan style=\"--0:#F8F8F2;--1:#24292E\">);\u003C/span>\u003C/div>\u003C/div>\u003Cdiv class=\"ec-line highlight ins\">\u003Cdiv class=\"code\">\u003Cspan class=\"indent\">  \u003C/span>\u003Cspan style=\"--0:#acb4cf;--1:#4d545b\">// This line and the next one are marked as inserted\u003C/span>\u003C/div>\u003C/div>\u003Cdiv class=\"ec-line highlight ins\">\u003Cdiv class=\"code\">\u003Cspan class=\"indent\">\u003Cspan style=\"--0:#F8F8F2;--1:#24292E\">  \u003C/span>\u003C/span>\u003Cspan style=\"--0:#F8F8F2;--1:#24292E\">console.\u003C/span>\u003Cspan style=\"--0:#50FA7B;--1:#613aa9\">log\u003C/span>\u003Cspan style=\"--0:#F8F8F2;--1:#24292E\">(\u003C/span>\u003Cspan style=\"--1:#032F62\">\u003Cspan style=\"--0:#E9F284\">\"\u003C/span>\u003Cspan style=\"--0:#F1FA8C\">this is the second inserted line\u003C/span>\u003Cspan style=\"--0:#E9F284\">\"\u003C/span>\u003C/span>\u003Cspan style=\"--0:#F8F8F2;--1:#24292E\">);\u003C/span>\u003C/div>\u003C/div>\u003Cdiv class=\"ec-line\">\u003Cdiv class=\"code\">\n\u003C/div>\u003C/div>\u003Cdiv class=\"ec-line highlight mark\">\u003Cdiv class=\"code\">\u003Cspan class=\"indent\">  \u003C/span>\u003Cspan style=\"--0:#ff92d1;--1:#982934\">return\u003C/span>\u003Cspan style=\"--0:#F8F8F2;--1:#24292E\"> \u003C/span>\u003Cspan style=\"--1:#032F62\">\u003Cspan style=\"--0:#E9F284\">\"\u003C/span>\u003Cspan style=\"--0:#F1FA8C\">this line uses the neutral default marker type\u003C/span>\u003Cspan style=\"--0:#E9F284\">\"\u003C/span>\u003C/span>\u003Cspan style=\"--0:#F8F8F2;--1:#24292E\">;\u003C/span>\u003C/div>\u003C/div>\u003Cdiv class=\"ec-line\">\u003Cdiv class=\"code\">\u003Cspan style=\"--0:#F8F8F2;--1:#24292E\">}\u003C/span>\u003C/div>\u003C/div>\u003C/code>\u003C/pre>\u003Cdiv class=\"copy\">\u003Cbutton title=\"Copy to clipboard\" data-copied=\"Copied!\" data-code=\"function demo() {  console.log(&#x22;this line is marked as deleted&#x22;);  // This line and the next one are marked as inserted  console.log(&#x22;this is the second inserted line&#x22;);  return &#x22;this line uses the neutral default marker type&#x22;;}\">\u003Cdiv>\u003C/div>\u003C/button>\u003C/div>\u003C/figure>\u003C/div>\n\u003Cp>\u003Ca href=\"https://expressive-code.com/\" rel=\"noreferrer noopener\" target=\"_blank\">Expressive Code\u003C/a> can do a ton more than shown here, and includes a lot of \u003Ca href=\"https://expressive-code.com/reference/configuration/\" rel=\"noreferrer noopener\" target=\"_blank\">customisation\u003C/a>.\u003C/p>\n\u003Ch2 id=\"tables\">\u003Ca class=\"not-prose\" href=\"#tables\">Tables\u003C/a>\u003C/h2>\n\n\n\n\n\n\n\n\n\n\n\n\n\n\n\n\n\n\n\n\n\n\u003Ctable>\u003Cthead>\u003Ctr>\u003Cth>Option\u003C/th>\u003Cth>Description\u003C/th>\u003C/tr>\u003C/thead>\u003Ctbody>\u003Ctr>\u003Ctd>data\u003C/td>\u003Ctd>path to data files to supply the data that will be passed into templates.\u003C/td>\u003C/tr>\u003Ctr>\u003Ctd>engine\u003C/td>\u003Ctd>engine to be used for processing templates. Handlebars is the default.\u003C/td>\u003C/tr>\u003Ctr>\u003Ctd>ext\u003C/td>\u003Ctd>extension to be used for dest files.\u003C/td>\u003C/tr>\u003C/tbody>\u003C/table>\n\u003Ch3 id=\"table-alignment\">\u003Ca class=\"not-prose\" href=\"#table-alignment\">Table Alignment\u003C/a>\u003C/h3>\n\n\n\n\n\n\n\n\n\n\n\n\n\n\n\n\n\n\n\n\n\u003Ctable>\u003Cthead>\u003Ctr>\u003Cth>Item\u003C/th>\u003Cth align=\"center\">Price\u003C/th>\u003Cth align=\"right\"># In stock\u003C/th>\u003C/tr>\u003C/thead>\u003Ctbody>\u003Ctr>\u003Ctd>Juicy Apples\u003C/td>\u003Ctd align=\"center\">1.99\u003C/td>\u003Ctd align=\"right\">739\u003C/td>\u003C/tr>\u003Ctr>\u003Ctd>Bananas\u003C/td>\u003Ctd align=\"center\">1.89\u003C/td>\u003Ctd align=\"right\">6\u003C/td>\u003C/tr>\u003C/tbody>\u003C/table>\n\u003Ch3 id=\"keyboard-elements\">\u003Ca class=\"not-prose\" href=\"#keyboard-elements\">Keyboard elements\u003C/a>\u003C/h3>\n\n\n\n\n\n\n\n\n\n\n\n\n\n\n\n\n\n\n\n\n\n\n\n\n\n\n\n\n\n\n\n\n\n\n\n\n\n\u003Ctable>\u003Cthead>\u003Ctr>\u003Cth>Action\u003C/th>\u003Cth>Shortcut\u003C/th>\u003C/tr>\u003C/thead>\u003Ctbody>\u003Ctr>\u003Ctd>Vertical split\u003C/td>\u003Ctd>\u003Ckbd>Alt+Shift++\u003C/kbd>\u003C/td>\u003C/tr>\u003Ctr>\u003Ctd>Horizontal split\u003C/td>\u003Ctd>\u003Ckbd>Alt+Shift+-\u003C/kbd>\u003C/td>\u003C/tr>\u003Ctr>\u003Ctd>Auto split\u003C/td>\u003Ctd>\u003Ckbd>Alt+Shift+d\u003C/kbd>\u003C/td>\u003C/tr>\u003Ctr>\u003Ctd>Switch between splits\u003C/td>\u003Ctd>\u003Ckbd>Alt\u003C/kbd> + arrow keys\u003C/td>\u003C/tr>\u003Ctr>\u003Ctd>Resizing a split\u003C/td>\u003Ctd>\u003Ckbd>Alt+Shift\u003C/kbd> + arrow keys\u003C/td>\u003C/tr>\u003Ctr>\u003Ctd>Close a split\u003C/td>\u003Ctd>\u003Ckbd>Ctrl+Shift+W\u003C/kbd>\u003C/td>\u003C/tr>\u003Ctr>\u003Ctd>Maximize a pane\u003C/td>\u003Ctd>\u003Ckbd>Ctrl+Shift+P\u003C/kbd> + Toggle pane zoom\u003C/td>\u003C/tr>\u003C/tbody>\u003C/table>\n\u003Ch2 id=\"images\">\u003Ca class=\"not-prose\" href=\"#images\">Images\u003C/a>\u003C/h2>\n\u003Cp>Image in the same folder: \u003Ccode>src/content/post/markdown-elements/logo.png\u003C/code>\u003C/p>\n\u003Cimg __ASTRO_IMAGE_=\"{&#x22;src&#x22;:&#x22;./logo.png&#x22;,&#x22;alt&#x22;:&#x22;Astro theme cactus logo&#x22;,&#x22;index&#x22;:0}\">\n\u003Ch2 id=\"links\">\u003Ca class=\"not-prose\" href=\"#links\">Links\u003C/a>\u003C/h2>\n\u003Cp>\u003Ca href=\"https://markdown-it.github.io/\" rel=\"noreferrer noopener\" target=\"_blank\">Content from markdown-it\u003C/a>\u003C/p>\n\u003Csection data-footnotes=\"\" class=\"footnotes\">\u003Ch2 class=\"\" id=\"footnote-label\">\u003Ca class=\"not-prose\" href=\"#footnote-label\">Footnotes\u003C/a>\u003C/h2>\n\u003Col>\n\u003Cli id=\"user-content-fn-1\">\n\u003Cp>Reference first footnote with a return to content link. \u003Ca href=\"#user-content-fnref-1\" data-footnote-backref=\"\" aria-label=\"Back to reference 1\" class=\"data-footnote-backref\">↩\u003C/a>\u003C/p>\n\u003C/li>\n\u003Cli id=\"user-content-fn-2\">\n\u003Cp>Second reference with a link. \u003Ca href=\"#user-content-fnref-2\" data-footnote-backref=\"\" aria-label=\"Back to reference 2\" class=\"data-footnote-backref\">↩\u003C/a>\u003C/p>\n\u003C/li>\n\u003C/ol>\n\u003C/section>",{"headings":365,"localImagePaths":424,"remoteImagePaths":425,"frontmatter":426,"imagePaths":429},[366,369,372,376,380,384,387,390,393,396,399,402,405,408,411,414,417,420,423],{"depth":146,"slug":367,"text":368},"this-is-a-h2-heading","This is a H2 Heading",{"depth":229,"slug":370,"text":371},"this-is-a-h3-heading","This is a H3 Heading",{"depth":373,"slug":374,"text":375},4,"this-is-a-h4-heading","This is a H4 Heading",{"depth":377,"slug":378,"text":379},5,"this-is-a-h5-heading","This is a H5 Heading",{"depth":381,"slug":382,"text":383},6,"this-is-a-h6-heading","This is a H6 Heading",{"depth":146,"slug":385,"text":386},"horizontal-rules","Horizontal Rules",{"depth":146,"slug":388,"text":389},"emphasis","Emphasis",{"depth":146,"slug":391,"text":392},"quotes","Quotes",{"depth":146,"slug":394,"text":395},"blockquotes","Blockquotes",{"depth":146,"slug":397,"text":398},"references","References",{"depth":146,"slug":400,"text":401},"lists","Lists",{"depth":146,"slug":403,"text":404},"code","Code",{"depth":229,"slug":406,"text":407},"expressive-code-examples","Expressive code examples",{"depth":146,"slug":409,"text":410},"tables","Tables",{"depth":229,"slug":412,"text":413},"table-alignment","Table Alignment",{"depth":229,"slug":415,"text":416},"keyboard-elements","Keyboard elements",{"depth":146,"slug":418,"text":419},"images","Images",{"depth":146,"slug":421,"text":422},"links","Links",{"depth":146,"slug":341,"text":342},[360],[],{"title":352,"description":353,"publishDate":171,"updatedDate":427,"tags":428,"readingTime":267},"22 Jan 2024",[27,43],[360],"markdown-elements/admonitions",{"id":430,"data":432,"body":439,"filePath":440,"digest":441,"rendered":442},{"title":433,"description":434,"draft":110,"tags":435,"publishDate":437,"updatedDate":438},"Markdown Admonitions","This post showcases using the markdown admonition feature in Astro Cactus",[43,436],"admonitions",["Date","2024-08-25T03:00:00.000Z"],["Date","2025-07-04T03:00:00.000Z"],"## What are admonitions\r\n\r\nAdmonitions (also known as “asides”) are useful for providing supportive and/or supplementary information related to your content.\r\n\r\n## How to use them\r\n\r\nTo use admonitions in Astro Cactus, wrap your Markdown content in a pair of triple colons `:::`. The first pair should also include the type of admonition you want to use.\r\n\r\nFor example, with the following Markdown:\r\n\r\n```md\r\n:::note\r\nHighlights information that users should take into account, even when skimming.\r\n:::\r\n```\r\n\r\nOutputs:\r\n\r\n:::note\r\nHighlights information that users should take into account, even when skimming.\r\n:::\r\n\r\n## Admonition Types\r\n\r\nThe following admonitions are currently supported:\r\n\r\n- `note`\r\n- `tip`\r\n- `important`\r\n- `warning`\r\n- `caution`\r\n\r\n### Note\r\n\r\n```md\r\n:::note\r\nHighlights information that users should take into account, even when skimming.\r\n:::\r\n```\r\n\r\n:::note\r\nHighlights information that users should take into account, even when skimming.\r\n:::\r\n\r\n### Tip\r\n\r\n```md\r\n:::tip\r\nOptional information to help a user be more successful.\r\n:::\r\n```\r\n\r\n:::tip\r\nOptional information to help a user be more successful.\r\n:::\r\n\r\n### Important\r\n\r\n```md\r\n:::important\r\nCrucial information necessary for users to succeed.\r\n:::\r\n```\r\n\r\n:::important\r\nCrucial information necessary for users to succeed.\r\n:::\r\n\r\n### Caution\r\n\r\n```md\r\n:::caution\r\nNegative potential consequences of an action.\r\n:::\r\n```\r\n\r\n:::caution\r\nNegative potential consequences of an action.\r\n:::\r\n\r\n### Warning\r\n\r\n```md\r\n:::warning\r\nCritical content demanding immediate user attention due to potential risks.\r\n:::\r\n```\r\n\r\n:::warning\r\nCritical content demanding immediate user attention due to potential risks.\r\n:::\r\n\r\n## Customising the admonition title\r\n\r\nYou can customise the admonition title using the following markup:\r\n\r\n```md\r\n:::note[My custom title]\r\nThis is a note with a custom title.\r\n:::\r\n```\r\n\r\nOutputs:\r\n\r\n:::note[My custom title]\r\nThis is a note with a custom title.\r\n:::\r\n\r\n## GitHub Repository Cards\r\nYou can add dynamic cards that link to GitHub repositories, on page load, the repository information is pulled from the GitHub API.\r\n\r\n::github{repo=\"chrismwilliams/astro-theme-cactus\"}\r\n\r\nYou can also link a Github user:\r\n\r\n::github{user=\"withastro\"}\r\n\r\nTo use this feature you just use the \"Github\" directive:\r\n\r\n```markdown title=\"Linking a repo\"\r\n::github{repo=\"chrismwilliams/astro-theme-cactus\"}\r\n```\r\n\r\n```markdown title=\"Linking a user\"\r\n::github{user=\"withastro\"}\r\n```","src/content/post/markdown-elements/admonitions.md","9bed2e290cd41c31",{"html":443,"metadata":444},"\u003Ch2 id=\"what-are-admonitions\">\u003Ca class=\"not-prose\" href=\"#what-are-admonitions\">What are admonitions\u003C/a>\u003C/h2>\n\u003Cp>Admonitions (also known as “asides”) are useful for providing supportive and/or supplementary information related to your content.\u003C/p>\n\u003Ch2 id=\"how-to-use-them\">\u003Ca class=\"not-prose\" href=\"#how-to-use-them\">How to use them\u003C/a>\u003C/h2>\n\u003Cp>To use admonitions in Astro Cactus, wrap your Markdown content in a pair of triple colons \u003Ccode>:::\u003C/code>. The first pair should also include the type of admonition you want to use.\u003C/p>\n\u003Cp>For example, with the following Markdown:\u003C/p>\n\u003Cdiv class=\"expressive-code\">\u003Clink rel=\"stylesheet\" href=\"/_astro/ec.0az4c.css\">\u003Cscript type=\"module\" src=\"/_astro/ec.8zarh.js\">\u003C/script>\u003Cfigure class=\"frame\">\u003Cfigcaption class=\"header\">\u003C/figcaption>\u003Cpre data-language=\"md\">\u003Ccode>\u003Cdiv class=\"ec-line\">\u003Cdiv class=\"code\">\u003Cspan style=\"--0:#F8F8F2;--1:#24292E\">:::note\u003C/span>\u003C/div>\u003C/div>\u003Cdiv class=\"ec-line\">\u003Cdiv class=\"code\">\u003Cspan style=\"--0:#F8F8F2;--1:#24292E\">Highlights information that users should take into account, even when skimming.\u003C/span>\u003C/div>\u003C/div>\u003Cdiv class=\"ec-line\">\u003Cdiv class=\"code\">\u003Cspan style=\"--0:#F8F8F2;--1:#24292E\">:::\u003C/span>\u003C/div>\u003C/div>\u003C/code>\u003C/pre>\u003Cdiv class=\"copy\">\u003Cbutton title=\"Copy to clipboard\" data-copied=\"Copied!\" data-code=\":::noteHighlights information that users should take into account, even when skimming.:::\">\u003Cdiv>\u003C/div>\u003C/button>\u003C/div>\u003C/figure>\u003C/div>\n\u003Cp>Outputs:\u003C/p>\n\u003Caside aria-label=\"note\" class=\"admonition\" data-admonition-type=\"note\">\u003Cp class=\"admonition-title\" aria-hidden=\"true\">note\u003C/p>\u003Cdiv class=\"admonition-content\">\u003Cp>Highlights information that users should take into account, even when skimming.\u003C/p>\u003C/div>\u003C/aside>\n\u003Ch2 id=\"admonition-types\">\u003Ca class=\"not-prose\" href=\"#admonition-types\">Admonition Types\u003C/a>\u003C/h2>\n\u003Cp>The following admonitions are currently supported:\u003C/p>\n\u003Cul>\n\u003Cli>\u003Ccode>note\u003C/code>\u003C/li>\n\u003Cli>\u003Ccode>tip\u003C/code>\u003C/li>\n\u003Cli>\u003Ccode>important\u003C/code>\u003C/li>\n\u003Cli>\u003Ccode>warning\u003C/code>\u003C/li>\n\u003Cli>\u003Ccode>caution\u003C/code>\u003C/li>\n\u003C/ul>\n\u003Ch3 id=\"note\">\u003Ca class=\"not-prose\" href=\"#note\">Note\u003C/a>\u003C/h3>\n\u003Cdiv class=\"expressive-code\">\u003Cfigure class=\"frame\">\u003Cfigcaption class=\"header\">\u003C/figcaption>\u003Cpre data-language=\"md\">\u003Ccode>\u003Cdiv class=\"ec-line\">\u003Cdiv class=\"code\">\u003Cspan style=\"--0:#F8F8F2;--1:#24292E\">:::note\u003C/span>\u003C/div>\u003C/div>\u003Cdiv class=\"ec-line\">\u003Cdiv class=\"code\">\u003Cspan style=\"--0:#F8F8F2;--1:#24292E\">Highlights information that users should take into account, even when skimming.\u003C/span>\u003C/div>\u003C/div>\u003Cdiv class=\"ec-line\">\u003Cdiv class=\"code\">\u003Cspan style=\"--0:#F8F8F2;--1:#24292E\">:::\u003C/span>\u003C/div>\u003C/div>\u003C/code>\u003C/pre>\u003Cdiv class=\"copy\">\u003Cbutton title=\"Copy to clipboard\" data-copied=\"Copied!\" data-code=\":::noteHighlights information that users should take into account, even when skimming.:::\">\u003Cdiv>\u003C/div>\u003C/button>\u003C/div>\u003C/figure>\u003C/div>\n\u003Caside aria-label=\"note\" class=\"admonition\" data-admonition-type=\"note\">\u003Cp class=\"admonition-title\" aria-hidden=\"true\">note\u003C/p>\u003Cdiv class=\"admonition-content\">\u003Cp>Highlights information that users should take into account, even when skimming.\u003C/p>\u003C/div>\u003C/aside>\n\u003Ch3 id=\"tip\">\u003Ca class=\"not-prose\" href=\"#tip\">Tip\u003C/a>\u003C/h3>\n\u003Cdiv class=\"expressive-code\">\u003Cfigure class=\"frame\">\u003Cfigcaption class=\"header\">\u003C/figcaption>\u003Cpre data-language=\"md\">\u003Ccode>\u003Cdiv class=\"ec-line\">\u003Cdiv class=\"code\">\u003Cspan style=\"--0:#F8F8F2;--1:#24292E\">:::tip\u003C/span>\u003C/div>\u003C/div>\u003Cdiv class=\"ec-line\">\u003Cdiv class=\"code\">\u003Cspan style=\"--0:#F8F8F2;--1:#24292E\">Optional information to help a user be more successful.\u003C/span>\u003C/div>\u003C/div>\u003Cdiv class=\"ec-line\">\u003Cdiv class=\"code\">\u003Cspan style=\"--0:#F8F8F2;--1:#24292E\">:::\u003C/span>\u003C/div>\u003C/div>\u003C/code>\u003C/pre>\u003Cdiv class=\"copy\">\u003Cbutton title=\"Copy to clipboard\" data-copied=\"Copied!\" data-code=\":::tipOptional information to help a user be more successful.:::\">\u003Cdiv>\u003C/div>\u003C/button>\u003C/div>\u003C/figure>\u003C/div>\n\u003Caside aria-label=\"tip\" class=\"admonition\" data-admonition-type=\"tip\">\u003Cp class=\"admonition-title\" aria-hidden=\"true\">tip\u003C/p>\u003Cdiv class=\"admonition-content\">\u003Cp>Optional information to help a user be more successful.\u003C/p>\u003C/div>\u003C/aside>\n\u003Ch3 id=\"important\">\u003Ca class=\"not-prose\" href=\"#important\">Important\u003C/a>\u003C/h3>\n\u003Cdiv class=\"expressive-code\">\u003Cfigure class=\"frame\">\u003Cfigcaption class=\"header\">\u003C/figcaption>\u003Cpre data-language=\"md\">\u003Ccode>\u003Cdiv class=\"ec-line\">\u003Cdiv class=\"code\">\u003Cspan style=\"--0:#F8F8F2;--1:#24292E\">:::important\u003C/span>\u003C/div>\u003C/div>\u003Cdiv class=\"ec-line\">\u003Cdiv class=\"code\">\u003Cspan style=\"--0:#F8F8F2;--1:#24292E\">Crucial information necessary for users to succeed.\u003C/span>\u003C/div>\u003C/div>\u003Cdiv class=\"ec-line\">\u003Cdiv class=\"code\">\u003Cspan style=\"--0:#F8F8F2;--1:#24292E\">:::\u003C/span>\u003C/div>\u003C/div>\u003C/code>\u003C/pre>\u003Cdiv class=\"copy\">\u003Cbutton title=\"Copy to clipboard\" data-copied=\"Copied!\" data-code=\":::importantCrucial information necessary for users to succeed.:::\">\u003Cdiv>\u003C/div>\u003C/button>\u003C/div>\u003C/figure>\u003C/div>\n\u003Caside aria-label=\"important\" class=\"admonition\" data-admonition-type=\"important\">\u003Cp class=\"admonition-title\" aria-hidden=\"true\">important\u003C/p>\u003Cdiv class=\"admonition-content\">\u003Cp>Crucial information necessary for users to succeed.\u003C/p>\u003C/div>\u003C/aside>\n\u003Ch3 id=\"caution\">\u003Ca class=\"not-prose\" href=\"#caution\">Caution\u003C/a>\u003C/h3>\n\u003Cdiv class=\"expressive-code\">\u003Cfigure class=\"frame\">\u003Cfigcaption class=\"header\">\u003C/figcaption>\u003Cpre data-language=\"md\">\u003Ccode>\u003Cdiv class=\"ec-line\">\u003Cdiv class=\"code\">\u003Cspan style=\"--0:#F8F8F2;--1:#24292E\">:::caution\u003C/span>\u003C/div>\u003C/div>\u003Cdiv class=\"ec-line\">\u003Cdiv class=\"code\">\u003Cspan style=\"--0:#F8F8F2;--1:#24292E\">Negative potential consequences of an action.\u003C/span>\u003C/div>\u003C/div>\u003Cdiv class=\"ec-line\">\u003Cdiv class=\"code\">\u003Cspan style=\"--0:#F8F8F2;--1:#24292E\">:::\u003C/span>\u003C/div>\u003C/div>\u003C/code>\u003C/pre>\u003Cdiv class=\"copy\">\u003Cbutton title=\"Copy to clipboard\" data-copied=\"Copied!\" data-code=\":::cautionNegative potential consequences of an action.:::\">\u003Cdiv>\u003C/div>\u003C/button>\u003C/div>\u003C/figure>\u003C/div>\n\u003Caside aria-label=\"caution\" class=\"admonition\" data-admonition-type=\"caution\">\u003Cp class=\"admonition-title\" aria-hidden=\"true\">caution\u003C/p>\u003Cdiv class=\"admonition-content\">\u003Cp>Negative potential consequences of an action.\u003C/p>\u003C/div>\u003C/aside>\n\u003Ch3 id=\"warning\">\u003Ca class=\"not-prose\" href=\"#warning\">Warning\u003C/a>\u003C/h3>\n\u003Cdiv class=\"expressive-code\">\u003Cfigure class=\"frame\">\u003Cfigcaption class=\"header\">\u003C/figcaption>\u003Cpre data-language=\"md\">\u003Ccode>\u003Cdiv class=\"ec-line\">\u003Cdiv class=\"code\">\u003Cspan style=\"--0:#F8F8F2;--1:#24292E\">:::warning\u003C/span>\u003C/div>\u003C/div>\u003Cdiv class=\"ec-line\">\u003Cdiv class=\"code\">\u003Cspan style=\"--0:#F8F8F2;--1:#24292E\">Critical content demanding immediate user attention due to potential risks.\u003C/span>\u003C/div>\u003C/div>\u003Cdiv class=\"ec-line\">\u003Cdiv class=\"code\">\u003Cspan style=\"--0:#F8F8F2;--1:#24292E\">:::\u003C/span>\u003C/div>\u003C/div>\u003C/code>\u003C/pre>\u003Cdiv class=\"copy\">\u003Cbutton title=\"Copy to clipboard\" data-copied=\"Copied!\" data-code=\":::warningCritical content demanding immediate user attention due to potential risks.:::\">\u003Cdiv>\u003C/div>\u003C/button>\u003C/div>\u003C/figure>\u003C/div>\n\u003Caside aria-label=\"warning\" class=\"admonition\" data-admonition-type=\"warning\">\u003Cp class=\"admonition-title\" aria-hidden=\"true\">warning\u003C/p>\u003Cdiv class=\"admonition-content\">\u003Cp>Critical content demanding immediate user attention due to potential risks.\u003C/p>\u003C/div>\u003C/aside>\n\u003Ch2 id=\"customising-the-admonition-title\">\u003Ca class=\"not-prose\" href=\"#customising-the-admonition-title\">Customising the admonition title\u003C/a>\u003C/h2>\n\u003Cp>You can customise the admonition title using the following markup:\u003C/p>\n\u003Cdiv class=\"expressive-code\">\u003Cfigure class=\"frame\">\u003Cfigcaption class=\"header\">\u003C/figcaption>\u003Cpre data-language=\"md\">\u003Ccode>\u003Cdiv class=\"ec-line\">\u003Cdiv class=\"code\">\u003Cspan style=\"--0:#F8F8F2;--1:#24292E\">:::note[My custom title]\u003C/span>\u003C/div>\u003C/div>\u003Cdiv class=\"ec-line\">\u003Cdiv class=\"code\">\u003Cspan style=\"--0:#F8F8F2;--1:#24292E\">This is a note with a custom title.\u003C/span>\u003C/div>\u003C/div>\u003Cdiv class=\"ec-line\">\u003Cdiv class=\"code\">\u003Cspan style=\"--0:#F8F8F2;--1:#24292E\">:::\u003C/span>\u003C/div>\u003C/div>\u003C/code>\u003C/pre>\u003Cdiv class=\"copy\">\u003Cbutton title=\"Copy to clipboard\" data-copied=\"Copied!\" data-code=\":::note[My custom title]This is a note with a custom title.:::\">\u003Cdiv>\u003C/div>\u003C/button>\u003C/div>\u003C/figure>\u003C/div>\n\u003Cp>Outputs:\u003C/p>\n\u003Caside aria-label=\"My custom title\" class=\"admonition\" data-admonition-type=\"note\">\u003Cp class=\"admonition-title\" aria-hidden=\"true\">My custom title\u003C/p>\u003Cdiv class=\"admonition-content\">\u003Cp>This is a note with a custom title.\u003C/p>\u003C/div>\u003C/aside>\n\u003Ch2 id=\"github-repository-cards\">\u003Ca class=\"not-prose\" href=\"#github-repository-cards\">GitHub Repository Cards\u003C/a>\u003C/h2>\n\u003Cp>You can add dynamic cards that link to GitHub repositories, on page load, the repository information is pulled from the GitHub API.\u003C/p>\n\u003Cdiv id=\"GC-b4eab087-a99b-4b43-8031-805de7a17d48\" class=\"github-card gh-loading\">\u003Cdiv class=\"gh-title title\">\u003Cspan class=\"gh-avatar\">\u003C/span>\u003Ca class=\"gh-text not-prose cactus-link\" href=\"https://github.com/chrismwilliams/astro-theme-cactus\" rel=\"noreferrer noopener\" target=\"_blank\">chrismwilliams/astro-theme-cactus\u003C/a>\u003Cspan class=\"gh-icon\">\u003C/span>\u003C/div>\u003Cdiv class=\"gh-description\">Lorem ipsum dolor sit amet, consectetur adipiscing elit.\u003C/div>\u003Cdiv class=\"gh-chips\">\u003Cspan class=\"gh-stars\">00K\u003C/span>\u003Cspan class=\"gh-forks\">00K\u003C/span>\u003Cspan class=\"gh-license\">MIT\u003C/span>\u003Cspan class=\"gh-language\">\u003C/span>\u003C/div>\u003Cscript>\nfetch('https://api.github.com/repos/chrismwilliams/astro-theme-cactus', { referrerPolicy: \"no-referrer\" })\n.then(response => response.json())\n.then(data => {\nconst t = document.getElementById('GC-b4eab087-a99b-4b43-8031-805de7a17d48');\nt.classList.remove(\"gh-loading\");\n\nif (data.description) {\nt.querySelector('.gh-description').innerText = data.description.replace(/:[a-zA-Z0-9_]+:/g, '');\n} else {\nt.querySelector('.gh-description').style.display = 'none';\n}\nif (data.language) t.querySelector('.gh-language').innerText = data.language;\nt.querySelector('.gh-forks').innerText = Intl.NumberFormat(undefined, { notation: \"compact\", maximumFractionDigits: 1 }).format(data.forks).replaceAll(\" \", '');\nt.querySelector('.gh-stars').innerText = Intl.NumberFormat(undefined, { notation: \"compact\", maximumFractionDigits: 1 }).format(data.stargazers_count).replaceAll(\" \", '');\nconst avatarEl = t.querySelector('.gh-avatar');\navatarEl.style.backgroundImage = 'url(' + data.owner.avatar_url + ')';\n\nif (data.license?.spdx_id) {\nt.querySelector('.gh-license').innerText = data.license?.spdx_id\n} else {\nt.querySelector('.gh-license').style.display = 'none';\n};\n})\n.catch(err => {\ndocument.getElementById('GC-b4eab087-a99b-4b43-8031-805de7a17d48').classList.add(\"gh-error\")\nconsole.warn(\"[GITHUB-CARD] Error loading card for chrismwilliams/astro-theme-cactus | GC-b4eab087-a99b-4b43-8031-805de7a17d48.\", err)\n})\n\u003C/script>\u003C/div>\n\u003Cp>You can also link a Github user:\u003C/p>\n\u003Cdiv id=\"GC-9d5a1bd4-ba9d-41fd-8bb5-a4bce6c31619\" class=\"github-card gh-simple gh-loading\">\u003Cdiv class=\"gh-title title\">\u003Cspan class=\"gh-avatar\">\u003C/span>\u003Ca class=\"gh-text not-prose cactus-link\" href=\"https://github.com/withastro\" rel=\"noreferrer noopener\" target=\"_blank\">withastro\u003C/a>\u003Cspan class=\"gh-icon\">\u003C/span>\u003C/div>\u003Cdiv class=\"gh-chips\">\u003Cspan class=\"gh-followers\">00K\u003C/span>\u003Cspan class=\"gh-repositories\">00K\u003C/span>\u003Cspan class=\"gh-region\">\u003C/span>\u003C/div>\u003Cscript>\nfetch('https://api.github.com/users/withastro', { referrerPolicy: \"no-referrer\" })\n.then(response => response.json())\n.then(data => {\nconst t = document.getElementById('GC-9d5a1bd4-ba9d-41fd-8bb5-a4bce6c31619');\nt.classList.remove(\"gh-loading\");\n\nconst avatarEl = t.querySelector('.gh-avatar');\navatarEl.style.backgroundImage = 'url(' + data.avatar_url + ')';\nt.querySelector('.gh-followers').innerText = Intl.NumberFormat(undefined, { notation: \"compact\", maximumFractionDigits: 1 }).format(data.followers).replaceAll(\" \", '');\nt.querySelector('.gh-repositories').innerText = Intl.NumberFormat(undefined, { notation: \"compact\", maximumFractionDigits: 1 }).format(data.public_repos).replaceAll(\" \", '');\nif (data.location) t.querySelector('.gh-region').innerText = data.location;\n\n})\n.catch(err => {\nconst c = document.getElementById('GC-9d5a1bd4-ba9d-41fd-8bb5-a4bce6c31619').classList.add(\"gh-error\")\nconsole.warn(\"[GITHUB-CARD] Error loading card for withastro | GC-9d5a1bd4-ba9d-41fd-8bb5-a4bce6c31619.\", err)\n})\n\u003C/script>\u003C/div>\n\u003Cp>To use this feature you just use the “Github” directive:\u003C/p>\n\u003Cdiv class=\"expressive-code\">\u003Cfigure class=\"frame has-title\">\u003Cfigcaption class=\"header\">\u003Cspan class=\"title\">Linking a repo\u003C/span>\u003C/figcaption>\u003Cpre data-language=\"markdown\">\u003Ccode>\u003Cdiv class=\"ec-line\">\u003Cdiv class=\"code\">\u003Cspan style=\"--0:#F8F8F2;--1:#24292E\">::github{repo=\"chrismwilliams/astro-theme-cactus\"}\u003C/span>\u003C/div>\u003C/div>\u003C/code>\u003C/pre>\u003Cdiv class=\"copy\">\u003Cbutton title=\"Copy to clipboard\" data-copied=\"Copied!\" data-code=\"::github{repo=&#x22;chrismwilliams/astro-theme-cactus&#x22;}\">\u003Cdiv>\u003C/div>\u003C/button>\u003C/div>\u003C/figure>\u003C/div>\n\u003Cdiv class=\"expressive-code\">\u003Cfigure class=\"frame has-title\">\u003Cfigcaption class=\"header\">\u003Cspan class=\"title\">Linking a user\u003C/span>\u003C/figcaption>\u003Cpre data-language=\"markdown\">\u003Ccode>\u003Cdiv class=\"ec-line\">\u003Cdiv class=\"code\">\u003Cspan style=\"--0:#F8F8F2;--1:#24292E\">::github{user=\"withastro\"}\u003C/span>\u003C/div>\u003C/div>\u003C/code>\u003C/pre>\u003Cdiv class=\"copy\">\u003Cbutton title=\"Copy to clipboard\" data-copied=\"Copied!\" data-code=\"::github{user=&#x22;withastro&#x22;}\">\u003Cdiv>\u003C/div>\u003C/button>\u003C/div>\u003C/figure>\u003C/div>",{"headings":445,"localImagePaths":475,"remoteImagePaths":476,"frontmatter":477,"imagePaths":481},[446,449,452,455,457,460,463,466,469,472],{"depth":146,"slug":447,"text":448},"what-are-admonitions","What are admonitions",{"depth":146,"slug":450,"text":451},"how-to-use-them","How to use them",{"depth":146,"slug":453,"text":454},"admonition-types","Admonition Types",{"depth":229,"slug":59,"text":456},"Note",{"depth":229,"slug":458,"text":459},"tip","Tip",{"depth":229,"slug":461,"text":462},"important","Important",{"depth":229,"slug":464,"text":465},"caution","Caution",{"depth":229,"slug":467,"text":468},"warning","Warning",{"depth":146,"slug":470,"text":471},"customising-the-admonition-title","Customising the admonition title",{"depth":146,"slug":473,"text":474},"github-repository-cards","GitHub Repository Cards",[],[],{"title":433,"description":434,"publishDate":478,"updatedDate":479,"tags":480,"readingTime":267},"25 Aug 2024","4 July 2025",[43,436],[]]