{
  "$ref": "#/definitions/note",
  "definitions": {
    "note": {
      "type": "object",
      "properties": {
        "title": {
          "type": "string",
          "maxLength": 60
        },
        "description": {
          "type": "string"
        },
        "publishDate": {
          "type": "string",
          "format": "date-time"
        },
        "$schema": {
          "type": "string"
        }
      },
      "required": [
        "title",
        "publishDate"
      ],
      "additionalProperties": false
    }
  },
  "$schema": "http://json-schema.org/draft-07/schema#"
}